pdb_file,metadata_file,protein_chains,complex_chains,PDB_ID
data/Ankyrin_repeat_protein/pdb_files/6JD6.pdb,data/Ankyrin_repeat_protein/metadata_files/6JD6_metadata.json,2,2,6JD6
data/Ankyrin_repeat_protein/pdb_files/5CER.pdb,data/Ankyrin_repeat_protein/metadata_files/5CER_metadata.json,12,2,5CER
data/Ankyrin_repeat_protein/pdb_files/4ZHB.pdb,data/Ankyrin_repeat_protein/metadata_files/4ZHB_metadata.json,2,2,4ZHB
data/Ankyrin_repeat_protein/pdb_files/4NL9.pdb,data/Ankyrin_repeat_protein/metadata_files/4NL9_metadata.json,4,2,4NL9
data/Ankyrin_repeat_protein/pdb_files/4ATZ.pdb,data/Ankyrin_repeat_protein/metadata_files/4ATZ_metadata.json,6,2,4ATZ
data/Ankyrin_repeat_protein/pdb_files/6C9K.pdb,data/Ankyrin_repeat_protein/metadata_files/6C9K_metadata.json,24,2,6C9K
data/Ankyrin_repeat_protein/pdb_files/2DZN.pdb,data/Ankyrin_repeat_protein/metadata_files/2DZN_metadata.json,6,2,2DZN
data/Ankyrin_repeat_protein/pdb_files/4LG6.pdb,data/Ankyrin_repeat_protein/metadata_files/4LG6_metadata.json,2,2,4LG6
data/Ankyrin_repeat_protein/pdb_files/3Q9N.pdb,data/Ankyrin_repeat_protein/metadata_files/3Q9N_metadata.json,4,2,3Q9N
data/Ankyrin_repeat_protein/pdb_files/3Q9U.pdb,data/Ankyrin_repeat_protein/metadata_files/3Q9U_metadata.json,4,2,3Q9U
data/Ankyrin_repeat_protein/pdb_files/5MAD.pdb,data/Ankyrin_repeat_protein/metadata_files/5MAD_metadata.json,8,2,5MAD
data/Ankyrin_repeat_protein/pdb_files/3TWR.pdb,data/Ankyrin_repeat_protein/metadata_files/3TWR_metadata.json,8,2,3TWR
data/Ankyrin_repeat_protein/pdb_files/3TWS.pdb,data/Ankyrin_repeat_protein/metadata_files/3TWS_metadata.json,8,2,3TWS
data/Ankyrin_repeat_protein/pdb_files/3TWT.pdb,data/Ankyrin_repeat_protein/metadata_files/3TWT_metadata.json,8,2,3TWT
data/Ankyrin_repeat_protein/pdb_files/3TWV.pdb,data/Ankyrin_repeat_protein/metadata_files/3TWV_metadata.json,8,2,3TWV
data/Ankyrin_repeat_protein/pdb_files/5CEC.pdb,data/Ankyrin_repeat_protein/metadata_files/5CEC_metadata.json,2,2,5CEC
data/Ankyrin_repeat_protein/pdb_files/5CED.pdb,data/Ankyrin_repeat_protein/metadata_files/5CED_metadata.json,2,2,5CED
data/Ankyrin_repeat_protein/pdb_files/2DZO.pdb,data/Ankyrin_repeat_protein/metadata_files/2DZO_metadata.json,4,2,2DZO
data/Ankyrin_repeat_protein/pdb_files/1SVX.pdb,data/Ankyrin_repeat_protein/metadata_files/1SVX_metadata.json,2,2,1SVX
data/Ankyrin_repeat_protein/pdb_files/7DNF.pdb,data/Ankyrin_repeat_protein/metadata_files/7DNF_metadata.json,6,2,7DNF
data/Ankyrin_repeat_protein/pdb_files/3DEP.pdb,data/Ankyrin_repeat_protein/metadata_files/3DEP_metadata.json,2,2,3DEP
data/Ankyrin_repeat_protein/pdb_files/2BKK.pdb,data/Ankyrin_repeat_protein/metadata_files/2BKK_metadata.json,4,2,2BKK
data/Ankyrin_repeat_protein/pdb_files/6MEW.pdb,data/Ankyrin_repeat_protein/metadata_files/6MEW_metadata.json,4,2,6MEW
data/Ankyrin_repeat_protein/pdb_files/8AIW.pdb,data/Ankyrin_repeat_protein/metadata_files/8AIW_metadata.json,2,2,8AIW
data/Ankyrin_repeat_protein/pdb_files/8AK1.pdb,data/Ankyrin_repeat_protein/metadata_files/8AK1_metadata.json,2,2,8AK1
data/Ankyrin_repeat_protein/pdb_files/6SA8.pdb,data/Ankyrin_repeat_protein/metadata_files/6SA8_metadata.json,2,2,6SA8
data/Ankyrin_repeat_protein/pdb_files/5YBE.pdb,data/Ankyrin_repeat_protein/metadata_files/5YBE_metadata.json,2,2,5YBE
data/Ankyrin_repeat_protein/pdb_files/5MA9.pdb,data/Ankyrin_repeat_protein/metadata_files/5MA9_metadata.json,8,2,5MA9
data/Ankyrin_repeat_protein/pdb_files/5YBV.pdb,data/Ankyrin_repeat_protein/metadata_files/5YBV_metadata.json,4,3,5YBV
data/Ankyrin_repeat_protein/pdb_files/7JYA.pdb,data/Ankyrin_repeat_protein/metadata_files/7JYA_metadata.json,6,2,7JYA
data/Ankyrin_repeat_protein/pdb_files/5MA8.pdb,data/Ankyrin_repeat_protein/metadata_files/5MA8_metadata.json,4,2,5MA8
data/Ankyrin_repeat_protein/pdb_files/3KBT.pdb,data/Ankyrin_repeat_protein/metadata_files/3KBT_metadata.json,4,2,3KBT
data/Ankyrin_repeat_protein/pdb_files/5OOY.pdb,data/Ankyrin_repeat_protein/metadata_files/5OOY_metadata.json,4,2,5OOY
data/Ankyrin_repeat_protein/pdb_files/4A63.pdb,data/Ankyrin_repeat_protein/metadata_files/4A63_metadata.json,12,2,4A63
data/Ankyrin_repeat_protein/pdb_files/3TWW.pdb,data/Ankyrin_repeat_protein/metadata_files/3TWW_metadata.json,4,2,3TWW
data/Ankyrin_repeat_protein/pdb_files/1AWC.pdb,data/Ankyrin_repeat_protein/metadata_files/1AWC_metadata.json,4,4,1AWC
data/Ankyrin_repeat_protein/pdb_files/3KBU.pdb,data/Ankyrin_repeat_protein/metadata_files/3KBU_metadata.json,4,2,3KBU
data/Ankyrin_repeat_protein/pdb_files/4QQI.pdb,data/Ankyrin_repeat_protein/metadata_files/4QQI_metadata.json,2,2,4QQI
data/Ankyrin_repeat_protein/pdb_files/4CYM.pdb,data/Ankyrin_repeat_protein/metadata_files/4CYM_metadata.json,6,2,4CYM
data/Ankyrin_repeat_protein/pdb_files/3TWX.pdb,data/Ankyrin_repeat_protein/metadata_files/3TWX_metadata.json,4,2,3TWX
data/Ankyrin_repeat_protein/pdb_files/2DWZ.pdb,data/Ankyrin_repeat_protein/metadata_files/2DWZ_metadata.json,4,2,2DWZ
data/Ankyrin_repeat_protein/pdb_files/6MZE.pdb,data/Ankyrin_repeat_protein/metadata_files/6MZE_metadata.json,28,4,6MZE
data/Ankyrin_repeat_protein/pdb_files/4K5A.pdb,data/Ankyrin_repeat_protein/metadata_files/4K5A_metadata.json,2,2,4K5A
data/Ankyrin_repeat_protein/pdb_files/1S70.pdb,data/Ankyrin_repeat_protein/metadata_files/1S70_metadata.json,2,2,1S70
data/Ankyrin_repeat_protein/pdb_files/3ZKJ.pdb,data/Ankyrin_repeat_protein/metadata_files/3ZKJ_metadata.json,6,3,3ZKJ
data/Ankyrin_repeat_protein/pdb_files/5YAY.pdb,data/Ankyrin_repeat_protein/metadata_files/5YAY_metadata.json,2,2,5YAY
data/Ankyrin_repeat_protein/pdb_files/3B95.pdb,data/Ankyrin_repeat_protein/metadata_files/3B95_metadata.json,3,2,3B95
data/Ankyrin_repeat_protein/pdb_files/5YBU.pdb,data/Ankyrin_repeat_protein/metadata_files/5YBU_metadata.json,2,2,5YBU
data/Ankyrin_repeat_protein/pdb_files/5JHQ.pdb,data/Ankyrin_repeat_protein/metadata_files/5JHQ_metadata.json,12,2,5JHQ
data/Ankyrin_repeat_protein/pdb_files/4K5B.pdb,data/Ankyrin_repeat_protein/metadata_files/4K5B_metadata.json,4,2,4K5B
data/Ankyrin_repeat_protein/pdb_files/4BSZ.pdb,data/Ankyrin_repeat_protein/metadata_files/4BSZ_metadata.json,2,2,4BSZ
data/Ankyrin_repeat_protein/pdb_files/4CZ2.pdb,data/Ankyrin_repeat_protein/metadata_files/4CZ2_metadata.json,6,2,4CZ2
data/Ankyrin_repeat_protein/pdb_files/8E0O.pdb,data/Ankyrin_repeat_protein/metadata_files/8E0O_metadata.json,3,3,8E0O
data/Ankyrin_repeat_protein/pdb_files/3V30.pdb,data/Ankyrin_repeat_protein/metadata_files/3V30_metadata.json,2,2,3V30
data/Ankyrin_repeat_protein/pdb_files/5EN5.pdb,data/Ankyrin_repeat_protein/metadata_files/5EN5_metadata.json,6,2,5EN5
data/Ankyrin_repeat_protein/pdb_files/3ZNG.pdb,data/Ankyrin_repeat_protein/metadata_files/3ZNG_metadata.json,6,3,3ZNG
data/Ankyrin_repeat_protein/pdb_files/3UI2.pdb,data/Ankyrin_repeat_protein/metadata_files/3UI2_metadata.json,2,2,3UI2
data/Ankyrin_repeat_protein/pdb_files/3HG0.pdb,data/Ankyrin_repeat_protein/metadata_files/3HG0_metadata.json,4,2,3HG0
data/Ankyrin_repeat_protein/pdb_files/2P2C.pdb,data/Ankyrin_repeat_protein/metadata_files/2P2C_metadata.json,18,3,2P2C
data/Ankyrin_repeat_protein/pdb_files/3NOC.pdb,data/Ankyrin_repeat_protein/metadata_files/3NOC_metadata.json,5,2,3NOC
data/Ankyrin_repeat_protein/pdb_files/7UBZ.pdb,data/Ankyrin_repeat_protein/metadata_files/7UBZ_metadata.json,4,2,7UBZ
data/Ankyrin_repeat_protein/pdb_files/3AJI.pdb,data/Ankyrin_repeat_protein/metadata_files/3AJI_metadata.json,4,2,3AJI
data/Ankyrin_repeat_protein/pdb_files/7DNE.pdb,data/Ankyrin_repeat_protein/metadata_files/7DNE_metadata.json,4,2,7DNE
data/Ankyrin_repeat_protein/pdb_files/6JMT.pdb,data/Ankyrin_repeat_protein/metadata_files/6JMT_metadata.json,12,2,6JMT
data/Ankyrin_repeat_protein/pdb_files/3NOG.pdb,data/Ankyrin_repeat_protein/metadata_files/3NOG_metadata.json,5,2,3NOG
data/Ankyrin_repeat_protein/pdb_files/4OAV.pdb,data/Ankyrin_repeat_protein/metadata_files/4OAV_metadata.json,4,2,4OAV
data/Ankyrin_repeat_protein/pdb_files/6OB5.pdb,data/Ankyrin_repeat_protein/metadata_files/6OB5_metadata.json,4,2,6OB5
data/Ankyrin_repeat_protein/pdb_files/7TW5.pdb,data/Ankyrin_repeat_protein/metadata_files/7TW5_metadata.json,5,3,7TW5
data/Ankyrin_repeat_protein/pdb_files/6MZF.pdb,data/Ankyrin_repeat_protein/metadata_files/6MZF_metadata.json,28,4,6MZF
data/Ankyrin_repeat_protein/pdb_files/8YM2.pdb,data/Ankyrin_repeat_protein/metadata_files/8YM2_metadata.json,2,2,8YM2
data/Ankyrin_repeat_protein/pdb_files/5OOV.pdb,data/Ankyrin_repeat_protein/metadata_files/5OOV_metadata.json,2,2,5OOV
data/Ankyrin_repeat_protein/pdb_files/5OP1.pdb,data/Ankyrin_repeat_protein/metadata_files/5OP1_metadata.json,2,2,5OP1
data/Ankyrin_repeat_protein/pdb_files/5BXO.pdb,data/Ankyrin_repeat_protein/metadata_files/5BXO_metadata.json,4,2,5BXO
data/Ankyrin_repeat_protein/pdb_files/6CF6.pdb,data/Ankyrin_repeat_protein/metadata_files/6CF6_metadata.json,4,2,6CF6
data/Ankyrin_repeat_protein/pdb_files/4OAU.pdb,data/Ankyrin_repeat_protein/metadata_files/4OAU_metadata.json,2,2,4OAU
data/Ankyrin_repeat_protein/pdb_files/7TTS.pdb,data/Ankyrin_repeat_protein/metadata_files/7TTS_metadata.json,7,2,7TTS
data/Ankyrin_repeat_protein/pdb_files/7V0S.pdb,data/Ankyrin_repeat_protein/metadata_files/7V0S_metadata.json,4,3,7V0S
data/Ankyrin_repeat_protein/pdb_files/6NDZ.pdb,data/Ankyrin_repeat_protein/metadata_files/6NDZ_metadata.json,6,2,6NDZ
data/Ankyrin_repeat_protein/pdb_files/9CYS.pdb,data/Ankyrin_repeat_protein/metadata_files/9CYS_metadata.json,2,2,9CYS
data/Ankyrin_repeat_protein/pdb_files/6NXF.pdb,data/Ankyrin_repeat_protein/metadata_files/6NXF_metadata.json,4,2,6NXF
data/Ankyrin_repeat_protein/pdb_files/7UZQ.pdb,data/Ankyrin_repeat_protein/metadata_files/7UZQ_metadata.json,4,3,7UZQ
data/Ankyrin_repeat_protein/pdb_files/7V0M.pdb,data/Ankyrin_repeat_protein/metadata_files/7V0M_metadata.json,2,2,7V0M
data/Ankyrin_repeat_protein/pdb_files/5BXU.pdb,data/Ankyrin_repeat_protein/metadata_files/5BXU_metadata.json,2,2,5BXU
data/Ankyrin_repeat_protein/pdb_files/6YX0.pdb,data/Ankyrin_repeat_protein/metadata_files/6YX0_metadata.json,4,2,6YX0
data/Ankyrin_repeat_protein/pdb_files/6YX2.pdb,data/Ankyrin_repeat_protein/metadata_files/6YX2_metadata.json,4,2,6YX2
data/Ankyrin_repeat_protein/pdb_files/5F3Y.pdb,data/Ankyrin_repeat_protein/metadata_files/5F3Y_metadata.json,2,2,5F3Y
data/Ankyrin_repeat_protein/pdb_files/7UZU.pdb,data/Ankyrin_repeat_protein/metadata_files/7UZU_metadata.json,2,2,7UZU
data/Ankyrin_repeat_protein/pdb_files/7B4U.pdb,data/Ankyrin_repeat_protein/metadata_files/7B4U_metadata.json,4,2,7B4U
data/Ankyrin_repeat_protein/pdb_files/7B4V.pdb,data/Ankyrin_repeat_protein/metadata_files/7B4V_metadata.json,4,2,7B4V
data/Ankyrin_repeat_protein/pdb_files/6X23.pdb,data/Ankyrin_repeat_protein/metadata_files/6X23_metadata.json,2,2,6X23
data/Ankyrin_repeat_protein/pdb_files/4DRX.pdb,data/Ankyrin_repeat_protein/metadata_files/4DRX_metadata.json,6,3,4DRX
data/Ankyrin_repeat_protein/pdb_files/8CSV.pdb,data/Ankyrin_repeat_protein/metadata_files/8CSV_metadata.json,2,2,8CSV
data/Ankyrin_repeat_protein/pdb_files/6IF3.pdb,data/Ankyrin_repeat_protein/metadata_files/6IF3_metadata.json,2,2,6IF3
data/Ankyrin_repeat_protein/pdb_files/7TW3.pdb,data/Ankyrin_repeat_protein/metadata_files/7TW3_metadata.json,4,3,7TW3
data/Ankyrin_repeat_protein/pdb_files/5AQ9.pdb,data/Ankyrin_repeat_protein/metadata_files/5AQ9_metadata.json,4,2,5AQ9
data/Ankyrin_repeat_protein/pdb_files/5W7I.pdb,data/Ankyrin_repeat_protein/metadata_files/5W7I_metadata.json,4,2,5W7I
data/Ankyrin_repeat_protein/pdb_files/5ET1.pdb,data/Ankyrin_repeat_protein/metadata_files/5ET1_metadata.json,4,2,5ET1
data/Ankyrin_repeat_protein/pdb_files/3QJM.pdb,data/Ankyrin_repeat_protein/metadata_files/3QJM_metadata.json,4,2,3QJM
data/Ankyrin_repeat_protein/pdb_files/7A00.pdb,data/Ankyrin_repeat_protein/metadata_files/7A00_metadata.json,4,2,7A00
data/Ankyrin_repeat_protein/pdb_files/5K35.pdb,data/Ankyrin_repeat_protein/metadata_files/5K35_metadata.json,2,2,5K35
data/Ankyrin_repeat_protein/pdb_files/5H2C.pdb,data/Ankyrin_repeat_protein/metadata_files/5H2C_metadata.json,2,2,5H2C
data/Ankyrin_repeat_protein/pdb_files/1G3N.pdb,data/Ankyrin_repeat_protein/metadata_files/1G3N_metadata.json,6,3,1G3N
data/Ankyrin_repeat_protein/pdb_files/5Z2M.pdb,data/Ankyrin_repeat_protein/metadata_files/5Z2M_metadata.json,4,2,5Z2M
data/Ankyrin_repeat_protein/pdb_files/5AQB.pdb,data/Ankyrin_repeat_protein/metadata_files/5AQB_metadata.json,2,2,5AQB
data/Ankyrin_repeat_protein/pdb_files/7ROY.pdb,data/Ankyrin_repeat_protein/metadata_files/7ROY_metadata.json,6,2,7ROY
data/Ankyrin_repeat_protein/pdb_files/5MA6.pdb,data/Ankyrin_repeat_protein/metadata_files/5MA6_metadata.json,2,2,5MA6
data/Ankyrin_repeat_protein/pdb_files/5W7J.pdb,data/Ankyrin_repeat_protein/metadata_files/5W7J_metadata.json,4,2,5W7J
data/Ankyrin_repeat_protein/pdb_files/8SWI.pdb,data/Ankyrin_repeat_protein/metadata_files/8SWI_metadata.json,2,2,8SWI
data/Ankyrin_repeat_protein/pdb_files/8SR6.pdb,data/Ankyrin_repeat_protein/metadata_files/8SR6_metadata.json,2,2,8SR6
data/Ankyrin_repeat_protein/pdb_files/5MAK.pdb,data/Ankyrin_repeat_protein/metadata_files/5MAK_metadata.json,4,2,5MAK
data/Ankyrin_repeat_protein/pdb_files/7ZW4.pdb,data/Ankyrin_repeat_protein/metadata_files/7ZW4_metadata.json,2,2,7ZW4
data/Ankyrin_repeat_protein/pdb_files/6SKU.pdb,data/Ankyrin_repeat_protein/metadata_files/6SKU_metadata.json,2,2,6SKU
data/Ankyrin_repeat_protein/pdb_files/7TW6.pdb,data/Ankyrin_repeat_protein/metadata_files/7TW6_metadata.json,6,3,7TW6
data/Ankyrin_repeat_protein/pdb_files/2DVW.pdb,data/Ankyrin_repeat_protein/metadata_files/2DVW_metadata.json,2,2,2DVW
data/Ankyrin_repeat_protein/pdb_files/6FP7.pdb,data/Ankyrin_repeat_protein/metadata_files/6FP7_metadata.json,2,2,6FP7
data/Ankyrin_repeat_protein/pdb_files/6FP8.pdb,data/Ankyrin_repeat_protein/metadata_files/6FP8_metadata.json,2,2,6FP8
data/Ankyrin_repeat_protein/pdb_files/1BI8.pdb,data/Ankyrin_repeat_protein/metadata_files/1BI8_metadata.json,4,2,1BI8
data/Ankyrin_repeat_protein/pdb_files/7DDX.pdb,data/Ankyrin_repeat_protein/metadata_files/7DDX_metadata.json,2,2,7DDX
data/Ankyrin_repeat_protein/pdb_files/7UDJ.pdb,data/Ankyrin_repeat_protein/metadata_files/7UDJ_metadata.json,2,2,7UDJ
data/Ankyrin_repeat_protein/pdb_files/7B4W.pdb,data/Ankyrin_repeat_protein/metadata_files/7B4W_metadata.json,4,2,7B4W
data/Ankyrin_repeat_protein/pdb_files/6V9H.pdb,data/Ankyrin_repeat_protein/metadata_files/6V9H_metadata.json,5,4,6V9H
data/Ankyrin_repeat_protein/pdb_files/5ET0.pdb,data/Ankyrin_repeat_protein/metadata_files/5ET0_metadata.json,4,2,5ET0
data/Ankyrin_repeat_protein/pdb_files/6MOH.pdb,data/Ankyrin_repeat_protein/metadata_files/6MOH_metadata.json,4,2,6MOH
data/Ankyrin_repeat_protein/pdb_files/3V31.pdb,data/Ankyrin_repeat_protein/metadata_files/3V31_metadata.json,2,2,3V31
data/Ankyrin_repeat_protein/pdb_files/6GHM.pdb,data/Ankyrin_repeat_protein/metadata_files/6GHM_metadata.json,4,2,6GHM
data/Ankyrin_repeat_protein/pdb_files/5HKP.pdb,data/Ankyrin_repeat_protein/metadata_files/5HKP_metadata.json,4,2,5HKP
data/Ankyrin_repeat_protein/pdb_files/4NIK.pdb,data/Ankyrin_repeat_protein/metadata_files/4NIK_metadata.json,2,2,4NIK
data/Ankyrin_repeat_protein/pdb_files/6URQ.pdb,data/Ankyrin_repeat_protein/metadata_files/6URQ_metadata.json,4,2,6URQ
data/Ankyrin_repeat_protein/pdb_files/7DNG.pdb,data/Ankyrin_repeat_protein/metadata_files/7DNG_metadata.json,2,2,7DNG
data/Ankyrin_repeat_protein/pdb_files/3IXE.pdb,data/Ankyrin_repeat_protein/metadata_files/3IXE_metadata.json,2,2,3IXE
data/Ankyrin_repeat_protein/pdb_files/5LEL.pdb,data/Ankyrin_repeat_protein/metadata_files/5LEL_metadata.json,9,3,5LEL
data/Ankyrin_repeat_protein/pdb_files/5ENS.pdb,data/Ankyrin_repeat_protein/metadata_files/5ENS_metadata.json,6,2,5ENS
data/Ankyrin_repeat_protein/pdb_files/5ENO.pdb,data/Ankyrin_repeat_protein/metadata_files/5ENO_metadata.json,6,2,5ENO
data/Ankyrin_repeat_protein/pdb_files/5ENP.pdb,data/Ankyrin_repeat_protein/metadata_files/5ENP_metadata.json,6,2,5ENP
data/Ankyrin_repeat_protein/pdb_files/5ENQ.pdb,data/Ankyrin_repeat_protein/metadata_files/5ENQ_metadata.json,6,2,5ENQ
data/Ankyrin_repeat_protein/pdb_files/5ENR.pdb,data/Ankyrin_repeat_protein/metadata_files/5ENR_metadata.json,6,2,5ENR
data/Ankyrin_repeat_protein/pdb_files/6MOE.pdb,data/Ankyrin_repeat_protein/metadata_files/6MOE_metadata.json,4,2,6MOE
data/Ankyrin_repeat_protein/pdb_files/1Q3P.pdb,data/Ankyrin_repeat_protein/metadata_files/1Q3P_metadata.json,4,2,1Q3P
data/Ankyrin_repeat_protein/pdb_files/6EMK.pdb,data/Ankyrin_repeat_protein/metadata_files/6EMK_metadata.json,10,5,6EMK
data/Ankyrin_repeat_protein/pdb_files/8WPL.pdb,data/Ankyrin_repeat_protein/metadata_files/8WPL_metadata.json,4,2,8WPL
data/Ankyrin_repeat_protein/pdb_files/8WPM.pdb,data/Ankyrin_repeat_protein/metadata_files/8WPM_metadata.json,4,2,8WPM
data/Ankyrin_repeat_protein/pdb_files/5MA5.pdb,data/Ankyrin_repeat_protein/metadata_files/5MA5_metadata.json,4,2,5MA5
data/Ankyrin_repeat_protein/pdb_files/3V2O.pdb,data/Ankyrin_repeat_protein/metadata_files/3V2O_metadata.json,2,2,3V2O
data/Ankyrin_repeat_protein/pdb_files/3V2X.pdb,data/Ankyrin_repeat_protein/metadata_files/3V2X_metadata.json,2,2,3V2X
data/Ankyrin_repeat_protein/pdb_files/6MWQ.pdb,data/Ankyrin_repeat_protein/metadata_files/6MWQ_metadata.json,8,2,6MWQ
data/Ankyrin_repeat_protein/pdb_files/5MBM.pdb,data/Ankyrin_repeat_protein/metadata_files/5MBM_metadata.json,4,2,5MBM
data/Ankyrin_repeat_protein/pdb_files/4Z68.pdb,data/Ankyrin_repeat_protein/metadata_files/4Z68_metadata.json,2,2,4Z68
data/Ankyrin_repeat_protein/pdb_files/5ENT.pdb,data/Ankyrin_repeat_protein/metadata_files/5ENT_metadata.json,6,2,5ENT
data/Ankyrin_repeat_protein/pdb_files/5O2S.pdb,data/Ankyrin_repeat_protein/metadata_files/5O2S_metadata.json,8,2,5O2S
data/Ankyrin_repeat_protein/pdb_files/5MLB.pdb,data/Ankyrin_repeat_protein/metadata_files/5MLB_metadata.json,8,2,5MLB
data/Ankyrin_repeat_protein/pdb_files/7RMA.pdb,data/Ankyrin_repeat_protein/metadata_files/7RMA_metadata.json,2,2,7RMA
data/Ankyrin_repeat_protein/pdb_files/1BLX.pdb,data/Ankyrin_repeat_protein/metadata_files/1BLX_metadata.json,2,2,1BLX
data/Ankyrin_repeat_protein/pdb_files/4B7K.pdb,data/Ankyrin_repeat_protein/metadata_files/4B7K_metadata.json,2,2,4B7K
data/Ankyrin_repeat_protein/pdb_files/4UX5.pdb,data/Ankyrin_repeat_protein/metadata_files/4UX5_metadata.json,4,3,4UX5
data/Ankyrin_repeat_protein/pdb_files/6TL0.pdb,data/Ankyrin_repeat_protein/metadata_files/6TL0_metadata.json,2,2,6TL0
data/Ankyrin_repeat_protein/pdb_files/4GRG.pdb,data/Ankyrin_repeat_protein/metadata_files/4GRG_metadata.json,4,2,4GRG
data/Ankyrin_repeat_protein/pdb_files/4B93.pdb,data/Ankyrin_repeat_protein/metadata_files/4B93_metadata.json,2,2,4B93
data/Ankyrin_repeat_protein/pdb_files/2KXP.pdb,data/Ankyrin_repeat_protein/metadata_files/2KXP_metadata.json,3,3,2KXP
data/Ankyrin_repeat_protein/pdb_files/7MXI.pdb,data/Ankyrin_repeat_protein/metadata_files/7MXI_metadata.json,6,3,7MXI
data/Ankyrin_repeat_protein/pdb_files/3TWU.pdb,data/Ankyrin_repeat_protein/metadata_files/3TWU_metadata.json,2,2,3TWU
data/Ankyrin_repeat_protein/pdb_files/3UXG.pdb,data/Ankyrin_repeat_protein/metadata_files/3UXG_metadata.json,2,2,3UXG
data/Ankyrin_repeat_protein/pdb_files/3AAA.pdb,data/Ankyrin_repeat_protein/metadata_files/3AAA_metadata.json,3,3,3AAA
data/Ankyrin_repeat_protein/pdb_files/5MA4.pdb,data/Ankyrin_repeat_protein/metadata_files/5MA4_metadata.json,2,2,5MA4
data/Ankyrin_repeat_protein/pdb_files/5KNH.pdb,data/Ankyrin_repeat_protein/metadata_files/5KNH_metadata.json,2,2,5KNH
data/Ankyrin_repeat_protein/pdb_files/6HL5.pdb,data/Ankyrin_repeat_protein/metadata_files/6HL5_metadata.json,2,2,6HL5
data/Ankyrin_repeat_protein/pdb_files/5WJ6.pdb,data/Ankyrin_repeat_protein/metadata_files/5WJ6_metadata.json,4,2,5WJ6
data/Ankyrin_repeat_protein/pdb_files/9JXQ.pdb,data/Ankyrin_repeat_protein/metadata_files/9JXQ_metadata.json,4,2,9JXQ
data/Ankyrin_repeat_protein/pdb_files/8ZE8.pdb,data/Ankyrin_repeat_protein/metadata_files/8ZE8_metadata.json,8,2,8ZE8
data/Ankyrin_repeat_protein/pdb_files/6IYB.pdb,data/Ankyrin_repeat_protein/metadata_files/6IYB_metadata.json,4,2,6IYB
data/Ankyrin_repeat_protein/pdb_files/6VFI.pdb,data/Ankyrin_repeat_protein/metadata_files/6VFI_metadata.json,2,2,6VFI
data/Ankyrin_repeat_protein/pdb_files/3L4F.pdb,data/Ankyrin_repeat_protein/metadata_files/3L4F_metadata.json,4,2,3L4F
data/Ankyrin_repeat_protein/pdb_files/7X6I.pdb,data/Ankyrin_repeat_protein/metadata_files/7X6I_metadata.json,8,2,7X6I
data/Ankyrin_repeat_protein/pdb_files/8GVX.pdb,data/Ankyrin_repeat_protein/metadata_files/8GVX_metadata.json,8,2,8GVX
data/Ankyrin_repeat_protein/pdb_files/4HI8.pdb,data/Ankyrin_repeat_protein/metadata_files/4HI8_metadata.json,2,2,4HI8
data/Ankyrin_repeat_protein/pdb_files/4HI9.pdb,data/Ankyrin_repeat_protein/metadata_files/4HI9_metadata.json,2,2,4HI9
data/Ankyrin_repeat_protein/pdb_files/6RUJ.pdb,data/Ankyrin_repeat_protein/metadata_files/6RUJ_metadata.json,2,2,6RUJ
data/Ankyrin_repeat_protein/pdb_files/4JAA.pdb,data/Ankyrin_repeat_protein/metadata_files/4JAA_metadata.json,2,2,4JAA
data/Ankyrin_repeat_protein/pdb_files/4NR1.pdb,data/Ankyrin_repeat_protein/metadata_files/4NR1_metadata.json,2,2,4NR1
data/Ankyrin_repeat_protein/pdb_files/7A1N.pdb,data/Ankyrin_repeat_protein/metadata_files/7A1N_metadata.json,2,2,7A1N
data/Ankyrin_repeat_protein/pdb_files/7A1O.pdb,data/Ankyrin_repeat_protein/metadata_files/7A1O_metadata.json,2,2,7A1O
data/Ankyrin_repeat_protein/pdb_files/7A1P.pdb,data/Ankyrin_repeat_protein/metadata_files/7A1P_metadata.json,2,2,7A1P
data/Ankyrin_repeat_protein/pdb_files/7A1Q.pdb,data/Ankyrin_repeat_protein/metadata_files/7A1Q_metadata.json,2,2,7A1Q
data/Ankyrin_repeat_protein/pdb_files/8S6U.pdb,data/Ankyrin_repeat_protein/metadata_files/8S6U_metadata.json,4,2,8S6U
data/Ankyrin_repeat_protein/pdb_files/5MA3.pdb,data/Ankyrin_repeat_protein/metadata_files/5MA3_metadata.json,2,2,5MA3
data/Ankyrin_repeat_protein/pdb_files/8PEF.pdb,data/Ankyrin_repeat_protein/metadata_files/8PEF_metadata.json,2,2,8PEF
data/Ankyrin_repeat_protein/pdb_files/3UTM.pdb,data/Ankyrin_repeat_protein/metadata_files/3UTM_metadata.json,3,2,3UTM
data/Ankyrin_repeat_protein/pdb_files/6HKP.pdb,data/Ankyrin_repeat_protein/metadata_files/6HKP_metadata.json,2,2,6HKP
data/Ankyrin_repeat_protein/pdb_files/9KHI.pdb,data/Ankyrin_repeat_protein/metadata_files/9KHI_metadata.json,4,2,9KHI
data/Ankyrin_repeat_protein/pdb_files/8V0E.pdb,data/Ankyrin_repeat_protein/metadata_files/8V0E_metadata.json,3,2,8V0E
data/Ankyrin_repeat_protein/pdb_files/2V4H.pdb,data/Ankyrin_repeat_protein/metadata_files/2V4H_metadata.json,4,2,2V4H
data/Ankyrin_repeat_protein/pdb_files/5F3X.pdb,data/Ankyrin_repeat_protein/metadata_files/5F3X_metadata.json,4,2,5F3X
data/Ankyrin_repeat_protein/pdb_files/4B7E.pdb,data/Ankyrin_repeat_protein/metadata_files/4B7E_metadata.json,2,2,4B7E
data/Ankyrin_repeat_protein/pdb_files/2FO1.pdb,data/Ankyrin_repeat_protein/metadata_files/2FO1_metadata.json,5,5,2FO1
data/Ankyrin_repeat_protein/pdb_files/8IVZ.pdb,data/Ankyrin_repeat_protein/metadata_files/8IVZ_metadata.json,4,2,8IVZ
data/Ankyrin_repeat_protein/pdb_files/3QJN.pdb,data/Ankyrin_repeat_protein/metadata_files/3QJN_metadata.json,16,2,3QJN
data/Ankyrin_repeat_protein/pdb_files/3F6Q.pdb,data/Ankyrin_repeat_protein/metadata_files/3F6Q_metadata.json,2,2,3F6Q
data/Ankyrin_repeat_protein/pdb_files/5LEM.pdb,data/Ankyrin_repeat_protein/metadata_files/5LEM_metadata.json,3,3,5LEM
data/Ankyrin_repeat_protein/pdb_files/8HKH.pdb,data/Ankyrin_repeat_protein/metadata_files/8HKH_metadata.json,4,2,8HKH
data/Ankyrin_repeat_protein/pdb_files/5GP7.pdb,data/Ankyrin_repeat_protein/metadata_files/5GP7_metadata.json,2,2,5GP7
data/Ankyrin_repeat_protein/pdb_files/7B1G.pdb,data/Ankyrin_repeat_protein/metadata_files/7B1G_metadata.json,5,2,7B1G
data/Ankyrin_repeat_protein/pdb_files/8Y1U.pdb,data/Ankyrin_repeat_protein/metadata_files/8Y1U_metadata.json,4,4,8Y1U
data/Ankyrin_repeat_protein/pdb_files/2Y0I.pdb,data/Ankyrin_repeat_protein/metadata_files/2Y0I_metadata.json,2,2,2Y0I
data/Ankyrin_repeat_protein/pdb_files/2J8S.pdb,data/Ankyrin_repeat_protein/metadata_files/2J8S_metadata.json,5,2,2J8S
data/Ankyrin_repeat_protein/pdb_files/6DCX.pdb,data/Ankyrin_repeat_protein/metadata_files/6DCX_metadata.json,4,2,6DCX
data/Ankyrin_repeat_protein/pdb_files/7DSA.pdb,data/Ankyrin_repeat_protein/metadata_files/7DSA_metadata.json,3,3,7DSA
data/Ankyrin_repeat_protein/pdb_files/5ZQO.pdb,data/Ankyrin_repeat_protein/metadata_files/5ZQO_metadata.json,2,2,5ZQO
data/Ankyrin_repeat_protein/pdb_files/5ZQP.pdb,data/Ankyrin_repeat_protein/metadata_files/5ZQP_metadata.json,2,2,5ZQP
data/Ankyrin_repeat_protein/pdb_files/5ZQQ.pdb,data/Ankyrin_repeat_protein/metadata_files/5ZQQ_metadata.json,2,2,5ZQQ
data/Ankyrin_repeat_protein/pdb_files/5ZQR.pdb,data/Ankyrin_repeat_protein/metadata_files/5ZQR_metadata.json,2,2,5ZQR
data/Ankyrin_repeat_protein/pdb_files/4UI4.pdb,data/Ankyrin_repeat_protein/metadata_files/4UI4_metadata.json,4,2,4UI4
data/Ankyrin_repeat_protein/pdb_files/5ADR.pdb,data/Ankyrin_repeat_protein/metadata_files/5ADR_metadata.json,2,2,5ADR
data/Ankyrin_repeat_protein/pdb_files/5ADT.pdb,data/Ankyrin_repeat_protein/metadata_files/5ADT_metadata.json,2,2,5ADT
data/Ankyrin_repeat_protein/pdb_files/5FPF.pdb,data/Ankyrin_repeat_protein/metadata_files/5FPF_metadata.json,4,2,5FPF
data/Ankyrin_repeat_protein/pdb_files/5C5Q.pdb,data/Ankyrin_repeat_protein/metadata_files/5C5Q_metadata.json,4,2,5C5Q
data/Ankyrin_repeat_protein/pdb_files/5C5R.pdb,data/Ankyrin_repeat_protein/metadata_files/5C5R_metadata.json,4,2,5C5R
data/Ankyrin_repeat_protein/pdb_files/5FIO.pdb,data/Ankyrin_repeat_protein/metadata_files/5FIO_metadata.json,2,2,5FIO
data/Ankyrin_repeat_protein/pdb_files/5W2J.pdb,data/Ankyrin_repeat_protein/metadata_files/5W2J_metadata.json,3,2,5W2J
data/Ankyrin_repeat_protein/pdb_files/6S8K.pdb,data/Ankyrin_repeat_protein/metadata_files/6S8K_metadata.json,3,3,6S8K
data/Ankyrin_repeat_protein/pdb_files/5NQT.pdb,data/Ankyrin_repeat_protein/metadata_files/5NQT_metadata.json,3,3,5NQT
data/Ankyrin_repeat_protein/pdb_files/5NQU.pdb,data/Ankyrin_repeat_protein/metadata_files/5NQU_metadata.json,3,3,5NQU
data/Ankyrin_repeat_protein/pdb_files/7B4T.pdb,data/Ankyrin_repeat_protein/metadata_files/7B4T_metadata.json,2,2,7B4T
data/Ankyrin_repeat_protein/pdb_files/6M3P.pdb,data/Ankyrin_repeat_protein/metadata_files/6M3P_metadata.json,4,2,6M3P
data/Ankyrin_repeat_protein/pdb_files/2KBX.pdb,data/Ankyrin_repeat_protein/metadata_files/2KBX_metadata.json,2,2,2KBX
data/Ankyrin_repeat_protein/pdb_files/7TYZ.pdb,data/Ankyrin_repeat_protein/metadata_files/7TYZ_metadata.json,6,2,7TYZ
data/Ankyrin_repeat_protein/pdb_files/6HL6.pdb,data/Ankyrin_repeat_protein/metadata_files/6HL6_metadata.json,2,2,6HL6
data/Ankyrin_repeat_protein/pdb_files/4U96.pdb,data/Ankyrin_repeat_protein/metadata_files/4U96_metadata.json,5,2,4U96
data/Ankyrin_repeat_protein/pdb_files/6SGT.pdb,data/Ankyrin_repeat_protein/metadata_files/6SGT_metadata.json,5,2,6SGT
data/Ankyrin_repeat_protein/pdb_files/6SGU.pdb,data/Ankyrin_repeat_protein/metadata_files/6SGU_metadata.json,5,2,6SGU
data/Ankyrin_repeat_protein/pdb_files/5JA4.pdb,data/Ankyrin_repeat_protein/metadata_files/5JA4_metadata.json,4,4,5JA4
data/Ankyrin_repeat_protein/pdb_files/9J0A.pdb,data/Ankyrin_repeat_protein/metadata_files/9J0A_metadata.json,6,3,9J0A
data/Ankyrin_repeat_protein/pdb_files/7B8S.pdb,data/Ankyrin_repeat_protein/metadata_files/7B8S_metadata.json,6,2,7B8S
data/Ankyrin_repeat_protein/pdb_files/4IRV.pdb,data/Ankyrin_repeat_protein/metadata_files/4IRV_metadata.json,8,2,4IRV
data/Ankyrin_repeat_protein/pdb_files/7PJE.pdb,data/Ankyrin_repeat_protein/metadata_files/7PJE_metadata.json,6,3,7PJE
data/Ankyrin_repeat_protein/pdb_files/7US2.pdb,data/Ankyrin_repeat_protein/metadata_files/7US2_metadata.json,7,2,7US2
data/Ankyrin_repeat_protein/pdb_files/6V2S.pdb,data/Ankyrin_repeat_protein/metadata_files/6V2S_metadata.json,4,2,6V2S
data/Ankyrin_repeat_protein/pdb_files/7M5U.pdb,data/Ankyrin_repeat_protein/metadata_files/7M5U_metadata.json,2,2,7M5U
data/Ankyrin_repeat_protein/pdb_files/4F6R.pdb,data/Ankyrin_repeat_protein/metadata_files/4F6R_metadata.json,4,4,4F6R
data/Ankyrin_repeat_protein/pdb_files/4HKK.pdb,data/Ankyrin_repeat_protein/metadata_files/4HKK_metadata.json,4,2,4HKK
data/Ankyrin_repeat_protein/pdb_files/6KRO.pdb,data/Ankyrin_repeat_protein/metadata_files/6KRO_metadata.json,2,2,6KRO
data/Ankyrin_repeat_protein/pdb_files/4HKN.pdb,data/Ankyrin_repeat_protein/metadata_files/4HKN_metadata.json,2,2,4HKN
data/Ankyrin_repeat_protein/pdb_files/4HL5.pdb,data/Ankyrin_repeat_protein/metadata_files/4HL5_metadata.json,2,2,4HL5
data/Ankyrin_repeat_protein/pdb_files/4KZQ.pdb,data/Ankyrin_repeat_protein/metadata_files/4KZQ_metadata.json,4,2,4KZQ
data/Ankyrin_repeat_protein/pdb_files/4L0I.pdb,data/Ankyrin_repeat_protein/metadata_files/4L0I_metadata.json,4,2,4L0I
data/Ankyrin_repeat_protein/pdb_files/7CE4.pdb,data/Ankyrin_repeat_protein/metadata_files/7CE4_metadata.json,2,2,7CE4
data/Ankyrin_repeat_protein/pdb_files/6MZG.pdb,data/Ankyrin_repeat_protein/metadata_files/6MZG_metadata.json,12,4,6MZG
data/Ankyrin_repeat_protein/pdb_files/8WQD.pdb,data/Ankyrin_repeat_protein/metadata_files/8WQD_metadata.json,2,2,8WQD
data/Ankyrin_repeat_protein/pdb_files/8WQI.pdb,data/Ankyrin_repeat_protein/metadata_files/8WQI_metadata.json,2,2,8WQI
data/Ankyrin_repeat_protein/pdb_files/5NM5.pdb,data/Ankyrin_repeat_protein/metadata_files/5NM5_metadata.json,3,3,5NM5
data/Ankyrin_repeat_protein/pdb_files/7BHE.pdb,data/Ankyrin_repeat_protein/metadata_files/7BHE_metadata.json,4,2,7BHE
data/Ankyrin_repeat_protein/pdb_files/7BHF.pdb,data/Ankyrin_repeat_protein/metadata_files/7BHF_metadata.json,4,2,7BHF
data/Ankyrin_repeat_protein/pdb_files/2V5Q.pdb,data/Ankyrin_repeat_protein/metadata_files/2V5Q_metadata.json,4,2,2V5Q
data/Ankyrin_repeat_protein/pdb_files/6M3R.pdb,data/Ankyrin_repeat_protein/metadata_files/6M3R_metadata.json,2,2,6M3R
data/Ankyrin_repeat_protein/pdb_files/6M3Q.pdb,data/Ankyrin_repeat_protein/metadata_files/6M3Q_metadata.json,2,2,6M3Q
data/Ankyrin_repeat_protein/pdb_files/7R3Z.pdb,data/Ankyrin_repeat_protein/metadata_files/7R3Z_metadata.json,4,2,7R3Z
data/Ankyrin_repeat_protein/pdb_files/8B6M.pdb,data/Ankyrin_repeat_protein/metadata_files/8B6M_metadata.json,4,2,8B6M
data/Ankyrin_repeat_protein/pdb_files/4HLM.pdb,data/Ankyrin_repeat_protein/metadata_files/4HLM_metadata.json,4,2,4HLM
data/Ankyrin_repeat_protein/pdb_files/4UI6.pdb,data/Ankyrin_repeat_protein/metadata_files/4UI6_metadata.json,4,2,4UI6
data/Ankyrin_repeat_protein/pdb_files/4UI7.pdb,data/Ankyrin_repeat_protein/metadata_files/4UI7_metadata.json,4,2,4UI7
data/Ankyrin_repeat_protein/pdb_files/4UI8.pdb,data/Ankyrin_repeat_protein/metadata_files/4UI8_metadata.json,4,2,4UI8
data/Ankyrin_repeat_protein/pdb_files/4UVP.pdb,data/Ankyrin_repeat_protein/metadata_files/4UVP_metadata.json,4,2,4UVP
data/Ankyrin_repeat_protein/pdb_files/5ADQ.pdb,data/Ankyrin_repeat_protein/metadata_files/5ADQ_metadata.json,2,2,5ADQ
data/Ankyrin_repeat_protein/pdb_files/5ADS.pdb,data/Ankyrin_repeat_protein/metadata_files/5ADS_metadata.json,2,2,5ADS
data/Ankyrin_repeat_protein/pdb_files/4UI3.pdb,data/Ankyrin_repeat_protein/metadata_files/4UI3_metadata.json,4,2,4UI3
data/Ankyrin_repeat_protein/pdb_files/4UI5.pdb,data/Ankyrin_repeat_protein/metadata_files/4UI5_metadata.json,4,2,4UI5
data/Ankyrin_repeat_protein/pdb_files/5NSP.pdb,data/Ankyrin_repeat_protein/metadata_files/5NSP_metadata.json,4,2,5NSP
data/Ankyrin_repeat_protein/pdb_files/5NSX.pdb,data/Ankyrin_repeat_protein/metadata_files/5NSX_metadata.json,4,2,5NSX
data/Ankyrin_repeat_protein/pdb_files/5NT0.pdb,data/Ankyrin_repeat_protein/metadata_files/5NT0_metadata.json,4,2,5NT0
data/Ankyrin_repeat_protein/pdb_files/5NT4.pdb,data/Ankyrin_repeat_protein/metadata_files/5NT4_metadata.json,4,2,5NT4
data/Ankyrin_repeat_protein/pdb_files/5NVC.pdb,data/Ankyrin_repeat_protein/metadata_files/5NVC_metadata.json,4,2,5NVC
data/Ankyrin_repeat_protein/pdb_files/5NVE.pdb,data/Ankyrin_repeat_protein/metadata_files/5NVE_metadata.json,4,2,5NVE
data/Ankyrin_repeat_protein/pdb_files/5NVF.pdb,data/Ankyrin_repeat_protein/metadata_files/5NVF_metadata.json,4,2,5NVF
data/Ankyrin_repeat_protein/pdb_files/5NVH.pdb,data/Ankyrin_repeat_protein/metadata_files/5NVH_metadata.json,4,2,5NVH
data/Ankyrin_repeat_protein/pdb_files/5NWB.pdb,data/Ankyrin_repeat_protein/metadata_files/5NWB_metadata.json,4,2,5NWB
data/Ankyrin_repeat_protein/pdb_files/5NWC.pdb,data/Ankyrin_repeat_protein/metadata_files/5NWC_metadata.json,4,2,5NWC
data/Ankyrin_repeat_protein/pdb_files/5NWD.pdb,data/Ankyrin_repeat_protein/metadata_files/5NWD_metadata.json,4,2,5NWD
data/Ankyrin_repeat_protein/pdb_files/5NWG.pdb,data/Ankyrin_repeat_protein/metadata_files/5NWG_metadata.json,4,2,5NWG
data/Ankyrin_repeat_protein/pdb_files/5NXE.pdb,data/Ankyrin_repeat_protein/metadata_files/5NXE_metadata.json,4,2,5NXE
data/Ankyrin_repeat_protein/pdb_files/6A84.pdb,data/Ankyrin_repeat_protein/metadata_files/6A84_metadata.json,2,2,6A84
data/Ankyrin_repeat_protein/pdb_files/5C5P.pdb,data/Ankyrin_repeat_protein/metadata_files/5C5P_metadata.json,4,2,5C5P
data/Ankyrin_repeat_protein/pdb_files/5EYP.pdb,data/Ankyrin_repeat_protein/metadata_files/5EYP_metadata.json,3,3,5EYP
data/Ankyrin_repeat_protein/pdb_files/4U8V.pdb,data/Ankyrin_repeat_protein/metadata_files/4U8V_metadata.json,5,2,4U8V
data/Ankyrin_repeat_protein/pdb_files/4U8Y.pdb,data/Ankyrin_repeat_protein/metadata_files/4U8Y_metadata.json,5,2,4U8Y
data/Ankyrin_repeat_protein/pdb_files/4U95.pdb,data/Ankyrin_repeat_protein/metadata_files/4U95_metadata.json,5,2,4U95
data/Ankyrin_repeat_protein/pdb_files/4DX6.pdb,data/Ankyrin_repeat_protein/metadata_files/4DX6_metadata.json,5,2,4DX6
data/Ankyrin_repeat_protein/pdb_files/1BI7.pdb,data/Ankyrin_repeat_protein/metadata_files/1BI7_metadata.json,2,2,1BI7
data/Ankyrin_repeat_protein/pdb_files/7XBK.pdb,data/Ankyrin_repeat_protein/metadata_files/7XBK_metadata.json,10,2,7XBK
data/Ankyrin_repeat_protein/pdb_files/9IS8.pdb,data/Ankyrin_repeat_protein/metadata_files/9IS8_metadata.json,4,2,9IS8
data/Ankyrin_repeat_protein/pdb_files/9H77.pdb,data/Ankyrin_repeat_protein/metadata_files/9H77_metadata.json,4,2,9H77
data/Ankyrin_repeat_protein/pdb_files/4CJA.pdb,data/Ankyrin_repeat_protein/metadata_files/4CJA_metadata.json,3,3,4CJA
data/Ankyrin_repeat_protein/pdb_files/5CBN.pdb,data/Ankyrin_repeat_protein/metadata_files/5CBN_metadata.json,2,2,5CBN
data/Ankyrin_repeat_protein/pdb_files/4HPL.pdb,data/Ankyrin_repeat_protein/metadata_files/4HPL_metadata.json,2,2,4HPL
data/Ankyrin_repeat_protein/pdb_files/7B8T.pdb,data/Ankyrin_repeat_protein/metadata_files/7B8T_metadata.json,6,2,7B8T
data/Ankyrin_repeat_protein/pdb_files/7B8R.pdb,data/Ankyrin_repeat_protein/metadata_files/7B8R_metadata.json,6,2,7B8R
data/Ankyrin_repeat_protein/pdb_files/6S9S.pdb,data/Ankyrin_repeat_protein/metadata_files/6S9S_metadata.json,2,2,6S9S
data/Ankyrin_repeat_protein/pdb_files/6MOF.pdb,data/Ankyrin_repeat_protein/metadata_files/6MOF_metadata.json,2,2,6MOF
data/Ankyrin_repeat_protein/pdb_files/6S8L.pdb,data/Ankyrin_repeat_protein/metadata_files/6S8L_metadata.json,3,3,6S8L
data/Ankyrin_repeat_protein/pdb_files/6KYK.pdb,data/Ankyrin_repeat_protein/metadata_files/6KYK_metadata.json,6,2,6KYK
data/Ankyrin_repeat_protein/pdb_files/4HKI.pdb,data/Ankyrin_repeat_protein/metadata_files/4HKI_metadata.json,4,2,4HKI
data/Ankyrin_repeat_protein/pdb_files/4HLF.pdb,data/Ankyrin_repeat_protein/metadata_files/4HLF_metadata.json,4,2,4HLF
data/Ankyrin_repeat_protein/pdb_files/4HLG.pdb,data/Ankyrin_repeat_protein/metadata_files/4HLG_metadata.json,4,2,4HLG
data/Ankyrin_repeat_protein/pdb_files/4HLH.pdb,data/Ankyrin_repeat_protein/metadata_files/4HLH_metadata.json,4,2,4HLH
data/Ankyrin_repeat_protein/pdb_files/4HLK.pdb,data/Ankyrin_repeat_protein/metadata_files/4HLK_metadata.json,4,2,4HLK
data/Ankyrin_repeat_protein/pdb_files/4HMH.pdb,data/Ankyrin_repeat_protein/metadata_files/4HMH_metadata.json,2,2,4HMH
data/Ankyrin_repeat_protein/pdb_files/4KZL.pdb,data/Ankyrin_repeat_protein/metadata_files/4KZL_metadata.json,4,2,4KZL
data/Ankyrin_repeat_protein/pdb_files/4KZU.pdb,data/Ankyrin_repeat_protein/metadata_files/4KZU_metadata.json,4,2,4KZU
data/Ankyrin_repeat_protein/pdb_files/4L09.pdb,data/Ankyrin_repeat_protein/metadata_files/4L09_metadata.json,4,2,4L09
data/Ankyrin_repeat_protein/pdb_files/4L0B.pdb,data/Ankyrin_repeat_protein/metadata_files/4L0B_metadata.json,4,2,4L0B
data/Ankyrin_repeat_protein/pdb_files/4L0S.pdb,data/Ankyrin_repeat_protein/metadata_files/4L0S_metadata.json,4,2,4L0S
data/Ankyrin_repeat_protein/pdb_files/4L0T.pdb,data/Ankyrin_repeat_protein/metadata_files/4L0T_metadata.json,4,2,4L0T
data/Ankyrin_repeat_protein/pdb_files/4L0V.pdb,data/Ankyrin_repeat_protein/metadata_files/4L0V_metadata.json,4,2,4L0V
data/Ankyrin_repeat_protein/pdb_files/4L10.pdb,data/Ankyrin_repeat_protein/metadata_files/4L10_metadata.json,4,2,4L10
data/Ankyrin_repeat_protein/pdb_files/4L2F.pdb,data/Ankyrin_repeat_protein/metadata_files/4L2F_metadata.json,4,2,4L2F
data/Ankyrin_repeat_protein/pdb_files/4L2G.pdb,data/Ankyrin_repeat_protein/metadata_files/4L2G_metadata.json,4,2,4L2G
data/Ankyrin_repeat_protein/pdb_files/4L2K.pdb,data/Ankyrin_repeat_protein/metadata_files/4L2K_metadata.json,4,2,4L2K
data/Ankyrin_repeat_protein/pdb_files/4L31.pdb,data/Ankyrin_repeat_protein/metadata_files/4L31_metadata.json,4,2,4L31
data/Ankyrin_repeat_protein/pdb_files/4L32.pdb,data/Ankyrin_repeat_protein/metadata_files/4L32_metadata.json,4,2,4L32
data/Ankyrin_repeat_protein/pdb_files/4L33.pdb,data/Ankyrin_repeat_protein/metadata_files/4L33_metadata.json,4,2,4L33
data/Ankyrin_repeat_protein/pdb_files/4L34.pdb,data/Ankyrin_repeat_protein/metadata_files/4L34_metadata.json,4,2,4L34
data/Ankyrin_repeat_protein/pdb_files/6SGS.pdb,data/Ankyrin_repeat_protein/metadata_files/6SGS_metadata.json,8,3,6SGS
data/Ankyrin_repeat_protein/pdb_files/6ZWB.pdb,data/Ankyrin_repeat_protein/metadata_files/6ZWB_metadata.json,3,3,6ZWB
data/Ankyrin_repeat_protein/pdb_files/6ZWC.pdb,data/Ankyrin_repeat_protein/metadata_files/6ZWC_metadata.json,3,3,6ZWC
data/Ankyrin_repeat_protein/pdb_files/9QJZ.pdb,data/Ankyrin_repeat_protein/metadata_files/9QJZ_metadata.json,4,2,9QJZ
data/Ankyrin_repeat_protein/pdb_files/6S9T.pdb,data/Ankyrin_repeat_protein/metadata_files/6S9T_metadata.json,2,2,6S9T
data/Ankyrin_repeat_protein/pdb_files/9OGC.pdb,data/Ankyrin_repeat_protein/metadata_files/9OGC_metadata.json,4,4,9OGC
data/Ankyrin_repeat_protein/pdb_files/9OGD.pdb,data/Ankyrin_repeat_protein/metadata_files/9OGD_metadata.json,4,4,9OGD
data/Ankyrin_repeat_protein/pdb_files/4HRM.pdb,data/Ankyrin_repeat_protein/metadata_files/4HRM_metadata.json,4,2,4HRM
data/Ankyrin_repeat_protein/pdb_files/6KYH.pdb,data/Ankyrin_repeat_protein/metadata_files/6KYH_metadata.json,8,2,6KYH
data/Ankyrin_repeat_protein/pdb_files/3ZUV.pdb,data/Ankyrin_repeat_protein/metadata_files/3ZUV_metadata.json,4,2,3ZUV
data/Ankyrin_repeat_protein/pdb_files/6B7G.pdb,data/Ankyrin_repeat_protein/metadata_files/6B7G_metadata.json,2,2,6B7G
data/Ankyrin_repeat_protein/pdb_files/7WR1.pdb,data/Ankyrin_repeat_protein/metadata_files/7WR1_metadata.json,4,2,7WR1
data/Ankyrin_repeat_protein/pdb_files/8G8Q.pdb,data/Ankyrin_repeat_protein/metadata_files/8G8Q_metadata.json,3,3,8G8Q
data/Ankyrin_repeat_protein/pdb_files/8G8S.pdb,data/Ankyrin_repeat_protein/metadata_files/8G8S_metadata.json,2,2,8G8S
data/Ankyrin_repeat_protein/pdb_files/5IZU.pdb,data/Ankyrin_repeat_protein/metadata_files/5IZU_metadata.json,4,2,5IZU
data/Ankyrin_repeat_protein/pdb_files/8JJR.pdb,data/Ankyrin_repeat_protein/metadata_files/8JJR_metadata.json,26,26,8JJR
data/Ankyrin_repeat_protein/pdb_files/2HUG.pdb,data/Ankyrin_repeat_protein/metadata_files/2HUG_metadata.json,2,2,2HUG
data/Ankyrin_repeat_protein/pdb_files/4HPM.pdb,data/Ankyrin_repeat_protein/metadata_files/4HPM_metadata.json,4,2,4HPM
data/Ankyrin_repeat_protein/pdb_files/7WM1.pdb,data/Ankyrin_repeat_protein/metadata_files/7WM1_metadata.json,4,2,7WM1
data/Ankyrin_repeat_protein/pdb_files/8A19.pdb,data/Ankyrin_repeat_protein/metadata_files/8A19_metadata.json,2,2,8A19
data/Ankyrin_repeat_protein/pdb_files/8A1A.pdb,data/Ankyrin_repeat_protein/metadata_files/8A1A_metadata.json,2,2,8A1A
data/Ankyrin_repeat_protein/pdb_files/6QEV.pdb,data/Ankyrin_repeat_protein/metadata_files/6QEV_metadata.json,2,2,6QEV
data/Ankyrin_repeat_protein/pdb_files/6SGR.pdb,data/Ankyrin_repeat_protein/metadata_files/6SGR_metadata.json,8,3,6SGR
data/Ankyrin_repeat_protein/pdb_files/4LSZ.pdb,data/Ankyrin_repeat_protein/metadata_files/4LSZ_metadata.json,6,3,4LSZ
data/Ankyrin_repeat_protein/pdb_files/4DX7.pdb,data/Ankyrin_repeat_protein/metadata_files/4DX7_metadata.json,5,2,4DX7
data/Ankyrin_repeat_protein/pdb_files/4DX5.pdb,data/Ankyrin_repeat_protein/metadata_files/4DX5_metadata.json,5,2,4DX5
data/Ankyrin_repeat_protein/pdb_files/6Q4N.pdb,data/Ankyrin_repeat_protein/metadata_files/6Q4N_metadata.json,5,2,6Q4N
data/Ankyrin_repeat_protein/pdb_files/6Q4O.pdb,data/Ankyrin_repeat_protein/metadata_files/6Q4O_metadata.json,5,2,6Q4O
data/Ankyrin_repeat_protein/pdb_files/6Q4P.pdb,data/Ankyrin_repeat_protein/metadata_files/6Q4P_metadata.json,5,2,6Q4P
data/Ankyrin_repeat_protein/pdb_files/5JMN.pdb,data/Ankyrin_repeat_protein/metadata_files/5JMN_metadata.json,5,2,5JMN
data/Ankyrin_repeat_protein/pdb_files/9K4I.pdb,data/Ankyrin_repeat_protein/metadata_files/9K4I_metadata.json,4,2,9K4I
data/Ankyrin_repeat_protein/pdb_files/4HRN.pdb,data/Ankyrin_repeat_protein/metadata_files/4HRN_metadata.json,4,2,4HRN
data/Ankyrin_repeat_protein/pdb_files/8CTE.pdb,data/Ankyrin_repeat_protein/metadata_files/8CTE_metadata.json,14,7,8CTE
data/Ankyrin_repeat_protein/pdb_files/7Z01.pdb,data/Ankyrin_repeat_protein/metadata_files/7Z01_metadata.json,3,3,7Z01
data/Ankyrin_repeat_protein/pdb_files/7Z02.pdb,data/Ankyrin_repeat_protein/metadata_files/7Z02_metadata.json,3,3,7Z02
data/Ankyrin_repeat_protein/pdb_files/7YZ6.pdb,data/Ankyrin_repeat_protein/metadata_files/7YZ6_metadata.json,3,3,7YZ6
data/Ankyrin_repeat_protein/pdb_files/7PJF.pdb,data/Ankyrin_repeat_protein/metadata_files/7PJF_metadata.json,3,3,7PJF
data/Ankyrin_repeat_protein/pdb_files/5YIP.pdb,data/Ankyrin_repeat_protein/metadata_files/5YIP_metadata.json,2,2,5YIP
data/Ankyrin_repeat_protein/pdb_files/5YIQ.pdb,data/Ankyrin_repeat_protein/metadata_files/5YIQ_metadata.json,2,2,5YIQ
data/Ankyrin_repeat_protein/pdb_files/1OY3.pdb,data/Ankyrin_repeat_protein/metadata_files/1OY3_metadata.json,3,2,1OY3
data/Ankyrin_repeat_protein/pdb_files/2XUM.pdb,data/Ankyrin_repeat_protein/metadata_files/2XUM_metadata.json,2,2,2XUM
data/Ankyrin_repeat_protein/pdb_files/6A9X.pdb,data/Ankyrin_repeat_protein/metadata_files/6A9X_metadata.json,2,2,6A9X
data/Ankyrin_repeat_protein/pdb_files/7C7I.pdb,data/Ankyrin_repeat_protein/metadata_files/7C7I_metadata.json,4,2,7C7I
data/Ankyrin_repeat_protein/pdb_files/5MBL.pdb,data/Ankyrin_repeat_protein/metadata_files/5MBL_metadata.json,2,2,5MBL
data/Ankyrin_repeat_protein/pdb_files/7CQV.pdb,data/Ankyrin_repeat_protein/metadata_files/7CQV_metadata.json,3,2,7CQV
data/Ankyrin_repeat_protein/pdb_files/7XUF.pdb,data/Ankyrin_repeat_protein/metadata_files/7XUF_metadata.json,4,2,7XUF
data/Ankyrin_repeat_protein/pdb_files/7W7L.pdb,data/Ankyrin_repeat_protein/metadata_files/7W7L_metadata.json,4,3,7W7L
data/Ankyrin_repeat_protein/pdb_files/1A3Q.pdb,data/Ankyrin_repeat_protein/metadata_files/1A3Q_metadata.json,4,3,1A3Q
data/Ankyrin_repeat_protein/pdb_files/7VUP.pdb,data/Ankyrin_repeat_protein/metadata_files/7VUP_metadata.json,4,3,7VUP
data/Ankyrin_repeat_protein/pdb_files/7VUQ.pdb,data/Ankyrin_repeat_protein/metadata_files/7VUQ_metadata.json,4,3,7VUQ
data/Ankyrin_repeat_protein/pdb_files/7CLI.pdb,data/Ankyrin_repeat_protein/metadata_files/7CLI_metadata.json,4,3,7CLI
data/Ankyrin_repeat_protein/pdb_files/5YIS.pdb,data/Ankyrin_repeat_protein/metadata_files/5YIS_metadata.json,4,2,5YIS
data/Ankyrin_repeat_protein/pdb_files/7YYY.pdb,data/Ankyrin_repeat_protein/metadata_files/7YYY_metadata.json,3,3,7YYY
data/Ankyrin_repeat_protein/pdb_files/7YYZ.pdb,data/Ankyrin_repeat_protein/metadata_files/7YYZ_metadata.json,3,3,7YYZ
data/Ankyrin_repeat_protein/pdb_files/7YZ0.pdb,data/Ankyrin_repeat_protein/metadata_files/7YZ0_metadata.json,3,3,7YZ0
data/Ankyrin_repeat_protein/pdb_files/7YZ1.pdb,data/Ankyrin_repeat_protein/metadata_files/7YZ1_metadata.json,3,3,7YZ1
data/Ankyrin_repeat_protein/pdb_files/7YZ2.pdb,data/Ankyrin_repeat_protein/metadata_files/7YZ2_metadata.json,3,3,7YZ2
data/Ankyrin_repeat_protein/pdb_files/7YZ3.pdb,data/Ankyrin_repeat_protein/metadata_files/7YZ3_metadata.json,3,3,7YZ3
data/Ankyrin_repeat_protein/pdb_files/7YZ5.pdb,data/Ankyrin_repeat_protein/metadata_files/7YZ5_metadata.json,3,3,7YZ5
data/Ankyrin_repeat_protein/pdb_files/7AC5.pdb,data/Ankyrin_repeat_protein/metadata_files/7AC5_metadata.json,3,3,7AC5
data/Ankyrin_repeat_protein/pdb_files/7ODN.pdb,data/Ankyrin_repeat_protein/metadata_files/7ODN_metadata.json,3,3,7ODN
data/Ankyrin_repeat_protein/pdb_files/7A1S.pdb,data/Ankyrin_repeat_protein/metadata_files/7A1S_metadata.json,2,2,7A1S
data/Ankyrin_repeat_protein/pdb_files/1K3Z.pdb,data/Ankyrin_repeat_protein/metadata_files/1K3Z_metadata.json,3,2,1K3Z
data/Ankyrin_repeat_protein/pdb_files/9OGB.pdb,data/Ankyrin_repeat_protein/metadata_files/9OGB_metadata.json,5,5,9OGB
data/Ankyrin_repeat_protein/pdb_files/5NC5.pdb,data/Ankyrin_repeat_protein/metadata_files/5NC5_metadata.json,8,3,5NC5
data/Ankyrin_repeat_protein/pdb_files/4LNU.pdb,data/Ankyrin_repeat_protein/metadata_files/4LNU_metadata.json,4,4,4LNU
data/Ankyrin_repeat_protein/pdb_files/2K9U.pdb,data/Ankyrin_repeat_protein/metadata_files/2K9U_metadata.json,2,2,2K9U
data/Ankyrin_repeat_protein/pdb_files/6HC8.pdb,data/Ankyrin_repeat_protein/metadata_files/6HC8_metadata.json,2,2,6HC8
data/Ankyrin_repeat_protein/pdb_files/6QFK.pdb,data/Ankyrin_repeat_protein/metadata_files/6QFK_metadata.json,2,2,6QFK
data/Ankyrin_repeat_protein/pdb_files/5OVC.pdb,data/Ankyrin_repeat_protein/metadata_files/5OVC_metadata.json,2,2,5OVC
data/Ankyrin_repeat_protein/pdb_files/5OVP.pdb,data/Ankyrin_repeat_protein/metadata_files/5OVP_metadata.json,2,2,5OVP
data/Ankyrin_repeat_protein/pdb_files/5OVV.pdb,data/Ankyrin_repeat_protein/metadata_files/5OVV_metadata.json,2,2,5OVV
data/Ankyrin_repeat_protein/pdb_files/7C7J.pdb,data/Ankyrin_repeat_protein/metadata_files/7C7J_metadata.json,4,2,7C7J
data/Ankyrin_repeat_protein/pdb_files/8IR2.pdb,data/Ankyrin_repeat_protein/metadata_files/8IR2_metadata.json,4,2,8IR2
data/Ankyrin_repeat_protein/pdb_files/8IR4.pdb,data/Ankyrin_repeat_protein/metadata_files/8IR4_metadata.json,4,2,8IR4
data/Ankyrin_repeat_protein/pdb_files/7ALR.pdb,data/Ankyrin_repeat_protein/metadata_files/7ALR_metadata.json,3,3,7ALR
data/Ankyrin_repeat_protein/pdb_files/5O2T.pdb,data/Ankyrin_repeat_protein/metadata_files/5O2T_metadata.json,2,2,5O2T
data/Ankyrin_repeat_protein/pdb_files/6H47.pdb,data/Ankyrin_repeat_protein/metadata_files/6H47_metadata.json,2,2,6H47
data/Ankyrin_repeat_protein/pdb_files/3BRF.pdb,data/Ankyrin_repeat_protein/metadata_files/3BRF_metadata.json,4,4,3BRF
data/Ankyrin_repeat_protein/pdb_files/1Z9O.pdb,data/Ankyrin_repeat_protein/metadata_files/1Z9O_metadata.json,12,2,1Z9O
data/Ankyrin_repeat_protein/pdb_files/3QO2.pdb,data/Ankyrin_repeat_protein/metadata_files/3QO2_metadata.json,8,2,3QO2
data/Ankyrin_repeat_protein/pdb_files/3R93.pdb,data/Ankyrin_repeat_protein/metadata_files/3R93_metadata.json,8,2,3R93
data/Ankyrin_repeat_protein/pdb_files/6GCU.pdb,data/Ankyrin_repeat_protein/metadata_files/6GCU_metadata.json,6,3,6GCU
data/Ankyrin_repeat_protein/pdb_files/6KZJ.pdb,data/Ankyrin_repeat_protein/metadata_files/6KZJ_metadata.json,3,2,6KZJ
data/Ankyrin_repeat_protein/pdb_files/9J7A.pdb,data/Ankyrin_repeat_protein/metadata_files/9J7A_metadata.json,6,3,9J7A
data/Ankyrin_repeat_protein/pdb_files/9JCE.pdb,data/Ankyrin_repeat_protein/metadata_files/9JCE_metadata.json,3,3,9JCE
data/Ankyrin_repeat_protein/pdb_files/9LKX.pdb,data/Ankyrin_repeat_protein/metadata_files/9LKX_metadata.json,2,2,9LKX
data/Ankyrin_repeat_protein/pdb_files/8HLO.pdb,data/Ankyrin_repeat_protein/metadata_files/8HLO_metadata.json,2,2,8HLO
data/Ankyrin_repeat_protein/pdb_files/6XSW.pdb,data/Ankyrin_repeat_protein/metadata_files/6XSW_metadata.json,12,3,6XSW
data/Ankyrin_repeat_protein/pdb_files/5CZX.pdb,data/Ankyrin_repeat_protein/metadata_files/5CZX_metadata.json,6,3,5CZX
data/Ankyrin_repeat_protein/pdb_files/5YIR.pdb,data/Ankyrin_repeat_protein/metadata_files/5YIR_metadata.json,6,2,5YIR
data/Ankyrin_repeat_protein/pdb_files/6EXJ.pdb,data/Ankyrin_repeat_protein/metadata_files/6EXJ_metadata.json,4,2,6EXJ
data/Ankyrin_repeat_protein/pdb_files/3K1R.pdb,data/Ankyrin_repeat_protein/metadata_files/3K1R_metadata.json,2,2,3K1R
data/Ankyrin_repeat_protein/pdb_files/4MGX.pdb,data/Ankyrin_repeat_protein/metadata_files/4MGX_metadata.json,2,2,4MGX
data/Ankyrin_repeat_protein/pdb_files/3PVL.pdb,data/Ankyrin_repeat_protein/metadata_files/3PVL_metadata.json,2,2,3PVL
data/Ankyrin_repeat_protein/pdb_files/7TZ0.pdb,data/Ankyrin_repeat_protein/metadata_files/7TZ0_metadata.json,2,2,7TZ0
data/Ankyrin_repeat_protein/pdb_files/2RFI.pdb,data/Ankyrin_repeat_protein/metadata_files/2RFI_metadata.json,4,2,2RFI
data/Ankyrin_repeat_protein/pdb_files/3HNA.pdb,data/Ankyrin_repeat_protein/metadata_files/3HNA_metadata.json,4,2,3HNA
data/Ankyrin_repeat_protein/pdb_files/5E4W.pdb,data/Ankyrin_repeat_protein/metadata_files/5E4W_metadata.json,6,3,5E4W
data/Ankyrin_repeat_protein/pdb_files/3WUT.pdb,data/Ankyrin_repeat_protein/metadata_files/3WUT_metadata.json,12,2,3WUT
data/Ankyrin_repeat_protein/pdb_files/3WUU.pdb,data/Ankyrin_repeat_protein/metadata_files/3WUU_metadata.json,12,2,3WUU
data/Ankyrin_repeat_protein/pdb_files/7DSB.pdb,data/Ankyrin_repeat_protein/metadata_files/7DSB_metadata.json,4,4,7DSB
data/Ankyrin_repeat_protein/pdb_files/6NE1.pdb,data/Ankyrin_repeat_protein/metadata_files/6NE1_metadata.json,2,2,6NE1
data/Ankyrin_repeat_protein/pdb_files/6H46.pdb,data/Ankyrin_repeat_protein/metadata_files/6H46_metadata.json,2,2,6H46
data/Ankyrin_repeat_protein/pdb_files/7D6F.pdb,data/Ankyrin_repeat_protein/metadata_files/7D6F_metadata.json,2,2,7D6F
data/Ankyrin_repeat_protein/pdb_files/8PA0.pdb,data/Ankyrin_repeat_protein/metadata_files/8PA0_metadata.json,2,2,8PA0
data/Ankyrin_repeat_protein/pdb_files/6NHV.pdb,data/Ankyrin_repeat_protein/metadata_files/6NHV_metadata.json,7,3,6NHV
data/Ankyrin_repeat_protein/pdb_files/1NFI.pdb,data/Ankyrin_repeat_protein/metadata_files/1NFI_metadata.json,6,3,1NFI
data/Ankyrin_repeat_protein/pdb_files/4HRL.pdb,data/Ankyrin_repeat_protein/metadata_files/4HRL_metadata.json,2,2,4HRL
data/Ankyrin_repeat_protein/pdb_files/8HCU.pdb,data/Ankyrin_repeat_protein/metadata_files/8HCU_metadata.json,3,3,8HCU
data/Ankyrin_repeat_protein/pdb_files/9J7B.pdb,data/Ankyrin_repeat_protein/metadata_files/9J7B_metadata.json,11,4,9J7B
data/Ankyrin_repeat_protein/pdb_files/1YCS.pdb,data/Ankyrin_repeat_protein/metadata_files/1YCS_metadata.json,2,2,1YCS
data/Ankyrin_repeat_protein/pdb_files/5CZV.pdb,data/Ankyrin_repeat_protein/metadata_files/5CZV_metadata.json,3,3,5CZV
data/Ankyrin_repeat_protein/pdb_files/5F67.pdb,data/Ankyrin_repeat_protein/metadata_files/5F67_metadata.json,4,2,5F67
data/Ankyrin_repeat_protein/pdb_files/6TQS.pdb,data/Ankyrin_repeat_protein/metadata_files/6TQS_metadata.json,11,2,6TQS
data/Ankyrin_repeat_protein/pdb_files/7TTR.pdb,data/Ankyrin_repeat_protein/metadata_files/7TTR_metadata.json,7,2,7TTR
data/Ankyrin_repeat_protein/pdb_files/3ZU7.pdb,data/Ankyrin_repeat_protein/metadata_files/3ZU7_metadata.json,2,2,3ZU7
data/Ankyrin_repeat_protein/pdb_files/9BOR.pdb,data/Ankyrin_repeat_protein/metadata_files/9BOR_metadata.json,3,2,9BOR
data/Ankyrin_repeat_protein/pdb_files/6NE4.pdb,data/Ankyrin_repeat_protein/metadata_files/6NE4_metadata.json,2,2,6NE4
data/Ankyrin_repeat_protein/pdb_files/7PD8.pdb,data/Ankyrin_repeat_protein/metadata_files/7PD8_metadata.json,2,2,7PD8
data/Ankyrin_repeat_protein/pdb_files/7PDD.pdb,data/Ankyrin_repeat_protein/metadata_files/7PDD_metadata.json,2,2,7PDD
data/Ankyrin_repeat_protein/pdb_files/7PDG.pdb,data/Ankyrin_repeat_protein/metadata_files/7PDG_metadata.json,2,2,7PDG
data/Ankyrin_repeat_protein/pdb_files/7PDH.pdb,data/Ankyrin_repeat_protein/metadata_files/7PDH_metadata.json,2,2,7PDH
data/Ankyrin_repeat_protein/pdb_files/6MOK.pdb,data/Ankyrin_repeat_protein/metadata_files/6MOK_metadata.json,2,2,6MOK
data/Ankyrin_repeat_protein/pdb_files/6GY5.pdb,data/Ankyrin_repeat_protein/metadata_files/6GY5_metadata.json,2,2,6GY5
data/Ankyrin_repeat_protein/pdb_files/8QEA.pdb,data/Ankyrin_repeat_protein/metadata_files/8QEA_metadata.json,3,3,8QEA
data/Ankyrin_repeat_protein/pdb_files/8QL2.pdb,data/Ankyrin_repeat_protein/metadata_files/8QL2_metadata.json,3,3,8QL2
data/Ankyrin_repeat_protein/pdb_files/8QL3.pdb,data/Ankyrin_repeat_protein/metadata_files/8QL3_metadata.json,3,3,8QL3
data/Ankyrin_repeat_protein/pdb_files/8QL4.pdb,data/Ankyrin_repeat_protein/metadata_files/8QL4_metadata.json,3,3,8QL4
data/Ankyrin_repeat_protein/pdb_files/8QL5.pdb,data/Ankyrin_repeat_protein/metadata_files/8QL5_metadata.json,3,3,8QL5
data/Ankyrin_repeat_protein/pdb_files/8QL6.pdb,data/Ankyrin_repeat_protein/metadata_files/8QL6_metadata.json,3,3,8QL6
data/Ankyrin_repeat_protein/pdb_files/8QL7.pdb,data/Ankyrin_repeat_protein/metadata_files/8QL7_metadata.json,3,3,8QL7
data/Ankyrin_repeat_protein/pdb_files/4TKN.pdb,data/Ankyrin_repeat_protein/metadata_files/4TKN_metadata.json,6,2,4TKN
data/Ankyrin_repeat_protein/pdb_files/6N4N.pdb,data/Ankyrin_repeat_protein/metadata_files/6N4N_metadata.json,4,2,6N4N
data/Ankyrin_repeat_protein/pdb_files/3LBX.pdb,data/Ankyrin_repeat_protein/metadata_files/3LBX_metadata.json,2,2,3LBX
data/Ankyrin_repeat_protein/pdb_files/6PY8.pdb,data/Ankyrin_repeat_protein/metadata_files/6PY8_metadata.json,10,5,6PY8
data/Ankyrin_repeat_protein/pdb_files/2D1X.pdb,data/Ankyrin_repeat_protein/metadata_files/2D1X_metadata.json,6,2,2D1X
data/Ankyrin_repeat_protein/pdb_files/5EIB.pdb,data/Ankyrin_repeat_protein/metadata_files/5EIB_metadata.json,4,4,5EIB
data/Ankyrin_repeat_protein/pdb_files/3JV6.pdb,data/Ankyrin_repeat_protein/metadata_files/3JV6_metadata.json,6,2,3JV6
data/Ankyrin_repeat_protein/pdb_files/4C48.pdb,data/Ankyrin_repeat_protein/metadata_files/4C48_metadata.json,3,3,4C48
data/Ankyrin_repeat_protein/pdb_files/6ZOA.pdb,data/Ankyrin_repeat_protein/metadata_files/6ZOA_metadata.json,5,2,6ZOA
data/Ankyrin_repeat_protein/pdb_files/6ZOF.pdb,data/Ankyrin_repeat_protein/metadata_files/6ZOF_metadata.json,5,2,6ZOF
data/Ankyrin_repeat_protein/pdb_files/6ZOH.pdb,data/Ankyrin_repeat_protein/metadata_files/6ZOH_metadata.json,5,2,6ZOH
data/Ankyrin_repeat_protein/pdb_files/7OUL.pdb,data/Ankyrin_repeat_protein/metadata_files/7OUL_metadata.json,5,2,7OUL
data/Ankyrin_repeat_protein/pdb_files/7OUM.pdb,data/Ankyrin_repeat_protein/metadata_files/7OUM_metadata.json,5,2,7OUM
data/Ankyrin_repeat_protein/pdb_files/6D65.pdb,data/Ankyrin_repeat_protein/metadata_files/6D65_metadata.json,4,2,6D65
data/Ankyrin_repeat_protein/pdb_files/8QL8.pdb,data/Ankyrin_repeat_protein/metadata_files/8QL8_metadata.json,3,3,8QL8
data/Ankyrin_repeat_protein/pdb_files/8QL9.pdb,data/Ankyrin_repeat_protein/metadata_files/8QL9_metadata.json,3,3,8QL9
data/Ankyrin_repeat_protein/pdb_files/8QLA.pdb,data/Ankyrin_repeat_protein/metadata_files/8QLA_metadata.json,3,3,8QLA
data/Ankyrin_repeat_protein/pdb_files/8QLB.pdb,data/Ankyrin_repeat_protein/metadata_files/8QLB_metadata.json,3,3,8QLB
data/Ankyrin_repeat_protein/pdb_files/8CL9.pdb,data/Ankyrin_repeat_protein/metadata_files/8CL9_metadata.json,3,3,8CL9
data/Ankyrin_repeat_protein/pdb_files/6NE2.pdb,data/Ankyrin_repeat_protein/metadata_files/6NE2_metadata.json,2,2,6NE2
data/Ankyrin_repeat_protein/pdb_files/5LW1.pdb,data/Ankyrin_repeat_protein/metadata_files/5LW1_metadata.json,10,4,5LW1
data/Ankyrin_repeat_protein/pdb_files/8CXI.pdb,data/Ankyrin_repeat_protein/metadata_files/8CXI_metadata.json,10,4,8CXI
data/Ankyrin_repeat_protein/pdb_files/1IKN.pdb,data/Ankyrin_repeat_protein/metadata_files/1IKN_metadata.json,3,3,1IKN
data/Ankyrin_repeat_protein/pdb_files/1C9I.pdb,data/Ankyrin_repeat_protein/metadata_files/1C9I_metadata.json,4,2,1C9I
data/Ankyrin_repeat_protein/pdb_files/1C9L.pdb,data/Ankyrin_repeat_protein/metadata_files/1C9L_metadata.json,4,2,1C9L
data/Ankyrin_repeat_protein/pdb_files/7Z71.pdb,data/Ankyrin_repeat_protein/metadata_files/7Z71_metadata.json,4,2,7Z71
data/Ankyrin_repeat_protein/pdb_files/7Z73.pdb,data/Ankyrin_repeat_protein/metadata_files/7Z73_metadata.json,6,2,7Z73
data/Ankyrin_repeat_protein/pdb_files/7Z7C.pdb,data/Ankyrin_repeat_protein/metadata_files/7Z7C_metadata.json,2,2,7Z7C
data/Ankyrin_repeat_protein/pdb_files/6MOL.pdb,data/Ankyrin_repeat_protein/metadata_files/6MOL_metadata.json,3,2,6MOL
data/Ankyrin_repeat_protein/pdb_files/7X4N.pdb,data/Ankyrin_repeat_protein/metadata_files/7X4N_metadata.json,4,4,7X4N
data/Ankyrin_repeat_protein/pdb_files/2RQU.pdb,data/Ankyrin_repeat_protein/metadata_files/2RQU_metadata.json,2,2,2RQU
data/Ankyrin_repeat_protein/pdb_files/7E8I.pdb,data/Ankyrin_repeat_protein/metadata_files/7E8I_metadata.json,12,8,7E8I
data/Ankyrin_repeat_protein/pdb_files/5ITZ.pdb,data/Ankyrin_repeat_protein/metadata_files/5ITZ_metadata.json,4,4,5ITZ
data/Ankyrin_repeat_protein/pdb_files/5ELQ.pdb,data/Ankyrin_repeat_protein/metadata_files/5ELQ_metadata.json,4,2,5ELQ
data/Ankyrin_repeat_protein/pdb_files/3U7D.pdb,data/Ankyrin_repeat_protein/metadata_files/3U7D_metadata.json,4,2,3U7D
data/Ankyrin_repeat_protein/pdb_files/4I51.pdb,data/Ankyrin_repeat_protein/metadata_files/4I51_metadata.json,5,3,4I51
data/Ankyrin_repeat_protein/pdb_files/4DXA.pdb,data/Ankyrin_repeat_protein/metadata_files/4DXA_metadata.json,2,2,4DXA
data/Ankyrin_repeat_protein/pdb_files/7TAC.pdb,data/Ankyrin_repeat_protein/metadata_files/7TAC_metadata.json,6,2,7TAC
data/Ankyrin_repeat_protein/pdb_files/7TAD.pdb,data/Ankyrin_repeat_protein/metadata_files/7TAD_metadata.json,4,2,7TAD
data/Ankyrin_repeat_protein/pdb_files/8SU8.pdb,data/Ankyrin_repeat_protein/metadata_files/8SU8_metadata.json,2,2,8SU8
data/Ankyrin_repeat_protein/pdb_files/8T09.pdb,data/Ankyrin_repeat_protein/metadata_files/8T09_metadata.json,2,2,8T09
data/Ankyrin_repeat_protein/pdb_files/8T7V.pdb,data/Ankyrin_repeat_protein/metadata_files/8T7V_metadata.json,2,2,8T7V
data/Ankyrin_repeat_protein/pdb_files/6OQ3.pdb,data/Ankyrin_repeat_protein/metadata_files/6OQ3_metadata.json,2,2,6OQ3
data/Ankyrin_repeat_protein/pdb_files/6OQ4.pdb,data/Ankyrin_repeat_protein/metadata_files/6OQ4_metadata.json,2,2,6OQ4
data/Ankyrin_repeat_protein/pdb_files/6UZK.pdb,data/Ankyrin_repeat_protein/metadata_files/6UZK_metadata.json,2,2,6UZK
data/Ankyrin_repeat_protein/pdb_files/6ZO8.pdb,data/Ankyrin_repeat_protein/metadata_files/6ZO8_metadata.json,5,2,6ZO8
data/Ankyrin_repeat_protein/pdb_files/6ZOG.pdb,data/Ankyrin_repeat_protein/metadata_files/6ZOG_metadata.json,5,2,6ZOG
data/Ankyrin_repeat_protein/pdb_files/6ZO7.pdb,data/Ankyrin_repeat_protein/metadata_files/6ZO7_metadata.json,5,2,6ZO7
data/Ankyrin_repeat_protein/pdb_files/6ZO9.pdb,data/Ankyrin_repeat_protein/metadata_files/6ZO9_metadata.json,5,2,6ZO9
data/Ankyrin_repeat_protein/pdb_files/6ZOB.pdb,data/Ankyrin_repeat_protein/metadata_files/6ZOB_metadata.json,5,2,6ZOB
data/Ankyrin_repeat_protein/pdb_files/6ZOC.pdb,data/Ankyrin_repeat_protein/metadata_files/6ZOC_metadata.json,5,2,6ZOC
data/Ankyrin_repeat_protein/pdb_files/7OUK.pdb,data/Ankyrin_repeat_protein/metadata_files/7OUK_metadata.json,5,2,7OUK
data/Ankyrin_repeat_protein/pdb_files/6ZO5.pdb,data/Ankyrin_repeat_protein/metadata_files/6ZO5_metadata.json,5,2,6ZO5
data/Ankyrin_repeat_protein/pdb_files/6ZOD.pdb,data/Ankyrin_repeat_protein/metadata_files/6ZOD_metadata.json,5,2,6ZOD
data/Ankyrin_repeat_protein/pdb_files/4HNA.pdb,data/Ankyrin_repeat_protein/metadata_files/4HNA_metadata.json,4,4,4HNA
data/Ankyrin_repeat_protein/pdb_files/5OYJ.pdb,data/Ankyrin_repeat_protein/metadata_files/5OYJ_metadata.json,4,2,5OYJ
data/Ankyrin_repeat_protein/pdb_files/1W0T.pdb,data/Ankyrin_repeat_protein/metadata_files/1W0T_metadata.json,4,3,1W0T
data/Ankyrin_repeat_protein/pdb_files/8W8G.pdb,data/Ankyrin_repeat_protein/metadata_files/8W8G_metadata.json,8,2,8W8G
data/Ankyrin_repeat_protein/pdb_files/8CLA.pdb,data/Ankyrin_repeat_protein/metadata_files/8CLA_metadata.json,3,3,8CLA
data/Ankyrin_repeat_protein/pdb_files/3DO7.pdb,data/Ankyrin_repeat_protein/metadata_files/3DO7_metadata.json,5,3,3DO7
data/Ankyrin_repeat_protein/pdb_files/7UJJ.pdb,data/Ankyrin_repeat_protein/metadata_files/7UJJ_metadata.json,7,3,7UJJ
data/Ankyrin_repeat_protein/pdb_files/6MOJ.pdb,data/Ankyrin_repeat_protein/metadata_files/6MOJ_metadata.json,2,2,6MOJ
data/Ankyrin_repeat_protein/pdb_files/6MOI.pdb,data/Ankyrin_repeat_protein/metadata_files/6MOI_metadata.json,2,2,6MOI
data/Ankyrin_repeat_protein/pdb_files/5XUP.pdb,data/Ankyrin_repeat_protein/metadata_files/5XUP_metadata.json,4,2,5XUP
data/Ankyrin_repeat_protein/pdb_files/1IV6.pdb,data/Ankyrin_repeat_protein/metadata_files/1IV6_metadata.json,3,3,1IV6
data/Ankyrin_repeat_protein/pdb_files/5WIR.pdb,data/Ankyrin_repeat_protein/metadata_files/5WIR_metadata.json,4,2,5WIR
data/Ankyrin_repeat_protein/pdb_files/4XIB.pdb,data/Ankyrin_repeat_protein/metadata_files/4XIB_metadata.json,2,2,4XIB
data/Ankyrin_repeat_protein/pdb_files/2OMT.pdb,data/Ankyrin_repeat_protein/metadata_files/2OMT_metadata.json,2,2,2OMT
data/Ankyrin_repeat_protein/pdb_files/2OMZ.pdb,data/Ankyrin_repeat_protein/metadata_files/2OMZ_metadata.json,2,2,2OMZ
data/Ankyrin_repeat_protein/pdb_files/2OMV.pdb,data/Ankyrin_repeat_protein/metadata_files/2OMV_metadata.json,2,2,2OMV
data/Ankyrin_repeat_protein/pdb_files/2OMY.pdb,data/Ankyrin_repeat_protein/metadata_files/2OMY_metadata.json,2,2,2OMY
data/Ankyrin_repeat_protein/pdb_files/1O6S.pdb,data/Ankyrin_repeat_protein/metadata_files/1O6S_metadata.json,2,2,1O6S
data/Ankyrin_repeat_protein/pdb_files/2OMX.pdb,data/Ankyrin_repeat_protein/metadata_files/2OMX_metadata.json,2,2,2OMX
data/Ankyrin_repeat_protein/pdb_files/5XW5.pdb,data/Ankyrin_repeat_protein/metadata_files/5XW5_metadata.json,3,2,5XW5
data/Ankyrin_repeat_protein/pdb_files/7CQH.pdb,data/Ankyrin_repeat_protein/metadata_files/7CQH_metadata.json,2,2,7CQH
data/Ankyrin_repeat_protein/pdb_files/5T0M.pdb,data/Ankyrin_repeat_protein/metadata_files/5T0M_metadata.json,4,2,5T0M
data/Ankyrin_repeat_protein/pdb_files/5JHN.pdb,data/Ankyrin_repeat_protein/metadata_files/5JHN_metadata.json,4,2,5JHN
data/Ankyrin_repeat_protein/pdb_files/5JIN.pdb,data/Ankyrin_repeat_protein/metadata_files/5JIN_metadata.json,4,2,5JIN
data/Ankyrin_repeat_protein/pdb_files/5JIY.pdb,data/Ankyrin_repeat_protein/metadata_files/5JIY_metadata.json,4,2,5JIY
data/Ankyrin_repeat_protein/pdb_files/5JJ0.pdb,data/Ankyrin_repeat_protein/metadata_files/5JJ0_metadata.json,4,2,5JJ0
data/Ankyrin_repeat_protein/pdb_files/5T0K.pdb,data/Ankyrin_repeat_protein/metadata_files/5T0K_metadata.json,4,2,5T0K
data/Ankyrin_repeat_protein/pdb_files/4HDO.pdb,data/Ankyrin_repeat_protein/metadata_files/4HDO_metadata.json,2,2,4HDO
data/Ankyrin_repeat_protein/pdb_files/6ZO6.pdb,data/Ankyrin_repeat_protein/metadata_files/6ZO6_metadata.json,5,2,6ZO6
data/Ankyrin_repeat_protein/pdb_files/7LEQ.pdb,data/Ankyrin_repeat_protein/metadata_files/7LEQ_metadata.json,2,2,7LEQ
data/Ankyrin_repeat_protein/pdb_files/2Y1L.pdb,data/Ankyrin_repeat_protein/metadata_files/2Y1L_metadata.json,8,5,2Y1L
data/Ankyrin_repeat_protein/pdb_files/8H62.pdb,data/Ankyrin_repeat_protein/metadata_files/8H62_metadata.json,2,2,8H62
data/Ankyrin_repeat_protein/pdb_files/3KMW.pdb,data/Ankyrin_repeat_protein/metadata_files/3KMW_metadata.json,2,2,3KMW
data/Ankyrin_repeat_protein/pdb_files/3REP.pdb,data/Ankyrin_repeat_protein/metadata_files/3REP_metadata.json,2,2,3REP
data/Ankyrin_repeat_protein/pdb_files/3KMU.pdb,data/Ankyrin_repeat_protein/metadata_files/3KMU_metadata.json,2,2,3KMU
data/Ankyrin_repeat_protein/pdb_files/4XI7.pdb,data/Ankyrin_repeat_protein/metadata_files/4XI7_metadata.json,2,2,4XI7
data/Ankyrin_repeat_protein/pdb_files/8UY3.pdb,data/Ankyrin_repeat_protein/metadata_files/8UY3_metadata.json,11,3,8UY3
data/Ankyrin_repeat_protein/pdb_files/8ZQ3.pdb,data/Ankyrin_repeat_protein/metadata_files/8ZQ3_metadata.json,2,2,8ZQ3
data/Ankyrin_repeat_protein/pdb_files/7RG5.pdb,data/Ankyrin_repeat_protein/metadata_files/7RG5_metadata.json,2,2,7RG5
data/Ankyrin_repeat_protein/pdb_files/3BQO.pdb,data/Ankyrin_repeat_protein/metadata_files/3BQO_metadata.json,2,2,3BQO
data/Ankyrin_repeat_protein/pdb_files/6SH9.pdb,data/Ankyrin_repeat_protein/metadata_files/6SH9_metadata.json,2,2,6SH9
data/Ankyrin_repeat_protein/pdb_files/6ZOE.pdb,data/Ankyrin_repeat_protein/metadata_files/6ZOE_metadata.json,2,2,6ZOE
data/Ankyrin_repeat_protein/pdb_files/6GVM.pdb,data/Ankyrin_repeat_protein/metadata_files/6GVM_metadata.json,4,4,6GVM
data/Ankyrin_repeat_protein/pdb_files/4JB8.pdb,data/Ankyrin_repeat_protein/metadata_files/4JB8_metadata.json,3,3,4JB8
data/Ankyrin_repeat_protein/pdb_files/6GVN.pdb,data/Ankyrin_repeat_protein/metadata_files/6GVN_metadata.json,3,3,6GVN
data/Ankyrin_repeat_protein/pdb_files/5MLA.pdb,data/Ankyrin_repeat_protein/metadata_files/5MLA_metadata.json,2,2,5MLA
data/Ankyrin_repeat_protein/pdb_files/5JH5.pdb,data/Ankyrin_repeat_protein/metadata_files/5JH5_metadata.json,4,4,5JH5
data/Ankyrin_repeat_protein/pdb_files/9D5F.pdb,data/Ankyrin_repeat_protein/metadata_files/9D5F_metadata.json,2,2,9D5F
data/Ankyrin_repeat_protein/pdb_files/6MIB.pdb,data/Ankyrin_repeat_protein/metadata_files/6MIB_metadata.json,2,2,6MIB
data/Ankyrin_repeat_protein/pdb_files/9D5I.pdb,data/Ankyrin_repeat_protein/metadata_files/9D5I_metadata.json,2,2,9D5I
data/Ankyrin_repeat_protein/pdb_files/9D5E.pdb,data/Ankyrin_repeat_protein/metadata_files/9D5E_metadata.json,2,2,9D5E
data/Ankyrin_repeat_protein/pdb_files/9D5H.pdb,data/Ankyrin_repeat_protein/metadata_files/9D5H_metadata.json,2,2,9D5H
data/Ankyrin_repeat_protein/pdb_files/9D5P.pdb,data/Ankyrin_repeat_protein/metadata_files/9D5P_metadata.json,2,2,9D5P
data/Ankyrin_repeat_protein/pdb_files/3DM1.pdb,data/Ankyrin_repeat_protein/metadata_files/3DM1_metadata.json,8,2,3DM1
data/Ankyrin_repeat_protein/pdb_files/7P3I.pdb,data/Ankyrin_repeat_protein/metadata_files/7P3I_metadata.json,4,2,7P3I
data/Ankyrin_repeat_protein/pdb_files/3SVM.pdb,data/Ankyrin_repeat_protein/metadata_files/3SVM_metadata.json,2,2,3SVM
data/Ankyrin_repeat_protein/pdb_files/2XZD.pdb,data/Ankyrin_repeat_protein/metadata_files/2XZD_metadata.json,6,3,2XZD
data/Ankyrin_repeat_protein/pdb_files/2XZT.pdb,data/Ankyrin_repeat_protein/metadata_files/2XZT_metadata.json,6,3,2XZT
data/Ankyrin_repeat_protein/pdb_files/2Y0B.pdb,data/Ankyrin_repeat_protein/metadata_files/2Y0B_metadata.json,6,3,2Y0B
data/Ankyrin_repeat_protein/pdb_files/3BRD.pdb,data/Ankyrin_repeat_protein/metadata_files/3BRD_metadata.json,4,4,3BRD
data/Ankyrin_repeat_protein/pdb_files/5VHJ.pdb,data/Ankyrin_repeat_protein/metadata_files/5VHJ_metadata.json,8,8,5VHJ
data/Ankyrin_repeat_protein/pdb_files/5VHM.pdb,data/Ankyrin_repeat_protein/metadata_files/5VHM_metadata.json,8,8,5VHM
data/Ankyrin_repeat_protein/pdb_files/5VHN.pdb,data/Ankyrin_repeat_protein/metadata_files/5VHN_metadata.json,8,8,5VHN
data/Ankyrin_repeat_protein/pdb_files/5VHO.pdb,data/Ankyrin_repeat_protein/metadata_files/5VHO_metadata.json,8,8,5VHO
data/Ankyrin_repeat_protein/pdb_files/5VHP.pdb,data/Ankyrin_repeat_protein/metadata_files/5VHP_metadata.json,8,8,5VHP
data/Ankyrin_repeat_protein/pdb_files/5VHQ.pdb,data/Ankyrin_repeat_protein/metadata_files/5VHQ_metadata.json,8,8,5VHQ
data/Ankyrin_repeat_protein/pdb_files/5VHR.pdb,data/Ankyrin_repeat_protein/metadata_files/5VHR_metadata.json,8,8,5VHR
data/Ankyrin_repeat_protein/pdb_files/7LFC.pdb,data/Ankyrin_repeat_protein/metadata_files/7LFC_metadata.json,2,2,7LFC
data/Ankyrin_repeat_protein/pdb_files/7RG4.pdb,data/Ankyrin_repeat_protein/metadata_files/7RG4_metadata.json,2,2,7RG4
data/Ankyrin_repeat_protein/pdb_files/9G8I.pdb,data/Ankyrin_repeat_protein/metadata_files/9G8I_metadata.json,4,2,9G8I
data/Ankyrin_repeat_protein/pdb_files/8DW2.pdb,data/Ankyrin_repeat_protein/metadata_files/8DW2_metadata.json,6,6,8DW2
data/Ankyrin_repeat_protein/pdb_files/4YDY.pdb,data/Ankyrin_repeat_protein/metadata_files/4YDY_metadata.json,4,2,4YDY
data/Ankyrin_repeat_protein/pdb_files/8F0U.pdb,data/Ankyrin_repeat_protein/metadata_files/8F0U_metadata.json,3,3,8F0U
data/Ankyrin_repeat_protein/pdb_files/8F26.pdb,data/Ankyrin_repeat_protein/metadata_files/8F26_metadata.json,3,3,8F26
data/Ankyrin_repeat_protein/pdb_files/3L6Y.pdb,data/Ankyrin_repeat_protein/metadata_files/3L6Y_metadata.json,6,2,3L6Y
data/Ankyrin_repeat_protein/pdb_files/3L82.pdb,data/Ankyrin_repeat_protein/metadata_files/3L82_metadata.json,2,2,3L82
data/Ankyrin_repeat_protein/pdb_files/3D8C.pdb,data/Ankyrin_repeat_protein/metadata_files/3D8C_metadata.json,2,2,3D8C
data/Ankyrin_repeat_protein/pdb_files/7CQP.pdb,data/Ankyrin_repeat_protein/metadata_files/7CQP_metadata.json,2,2,7CQP
data/Ankyrin_repeat_protein/pdb_files/5ZMC.pdb,data/Ankyrin_repeat_protein/metadata_files/5ZMC_metadata.json,4,4,5ZMC
data/Ankyrin_repeat_protein/pdb_files/8DW3.pdb,data/Ankyrin_repeat_protein/metadata_files/8DW3_metadata.json,6,6,8DW3
data/Ankyrin_repeat_protein/pdb_files/7OR3.pdb,data/Ankyrin_repeat_protein/metadata_files/7OR3_metadata.json,2,2,7OR3
data/Ankyrin_repeat_protein/pdb_files/7OR5.pdb,data/Ankyrin_repeat_protein/metadata_files/7OR5_metadata.json,2,2,7OR5
data/Ankyrin_repeat_protein/pdb_files/7OR7.pdb,data/Ankyrin_repeat_protein/metadata_files/7OR7_metadata.json,2,2,7OR7
data/Ankyrin_repeat_protein/pdb_files/8F1T.pdb,data/Ankyrin_repeat_protein/metadata_files/8F1T_metadata.json,9,3,8F1T
data/Ankyrin_repeat_protein/pdb_files/8F1U.pdb,data/Ankyrin_repeat_protein/metadata_files/8F1U_metadata.json,9,3,8F1U
data/Ankyrin_repeat_protein/pdb_files/8F21.pdb,data/Ankyrin_repeat_protein/metadata_files/8F21_metadata.json,9,3,8F21
data/Ankyrin_repeat_protein/pdb_files/8F0A.pdb,data/Ankyrin_repeat_protein/metadata_files/8F0A_metadata.json,9,3,8F0A
data/Ankyrin_repeat_protein/pdb_files/7LYC.pdb,data/Ankyrin_repeat_protein/metadata_files/7LYC_metadata.json,12,8,7LYC
data/Ankyrin_repeat_protein/pdb_files/8TZB.pdb,data/Ankyrin_repeat_protein/metadata_files/8TZB_metadata.json,2,2,8TZB
data/Ankyrin_repeat_protein/pdb_files/7ZYU.pdb,data/Ankyrin_repeat_protein/metadata_files/7ZYU_metadata.json,2,2,7ZYU
data/Ankyrin_repeat_protein/pdb_files/8OX1.pdb,data/Ankyrin_repeat_protein/metadata_files/8OX1_metadata.json,12,8,8OX1
data/Ankyrin_repeat_protein/pdb_files/8JE2.pdb,data/Ankyrin_repeat_protein/metadata_files/8JE2_metadata.json,5,5,8JE2
data/Ankyrin_repeat_protein/pdb_files/7WZS.pdb,data/Ankyrin_repeat_protein/metadata_files/7WZS_metadata.json,3,3,7WZS
data/Ankyrin_repeat_protein/pdb_files/6IUI.pdb,data/Ankyrin_repeat_protein/metadata_files/6IUI_metadata.json,4,2,6IUI
data/Ankyrin_repeat_protein/pdb_files/6IUH.pdb,data/Ankyrin_repeat_protein/metadata_files/6IUH_metadata.json,4,2,6IUH
data/Ankyrin_repeat_protein/pdb_files/6JMU.pdb,data/Ankyrin_repeat_protein/metadata_files/6JMU_metadata.json,4,2,6JMU
data/Ankyrin_repeat_protein/pdb_files/7Z72.pdb,data/Ankyrin_repeat_protein/metadata_files/7Z72_metadata.json,2,2,7Z72
data/Ankyrin_repeat_protein/pdb_files/7Z7E.pdb,data/Ankyrin_repeat_protein/metadata_files/7Z7E_metadata.json,2,2,7Z7E
data/Ankyrin_repeat_protein/pdb_files/1SVC.pdb,data/Ankyrin_repeat_protein/metadata_files/1SVC_metadata.json,2,2,1SVC
data/Ankyrin_repeat_protein/pdb_files/1NFK.pdb,data/Ankyrin_repeat_protein/metadata_files/1NFK_metadata.json,4,2,1NFK
data/Ankyrin_repeat_protein/pdb_files/6BBN.pdb,data/Ankyrin_repeat_protein/metadata_files/6BBN_metadata.json,6,4,6BBN
data/Ankyrin_repeat_protein/pdb_files/6Y1J.pdb,data/Ankyrin_repeat_protein/metadata_files/6Y1J_metadata.json,2,2,6Y1J
data/Ankyrin_repeat_protein/pdb_files/8TYQ.pdb,data/Ankyrin_repeat_protein/metadata_files/8TYQ_metadata.json,2,2,8TYQ
data/Ankyrin_repeat_protein/pdb_files/8TZF.pdb,data/Ankyrin_repeat_protein/metadata_files/8TZF_metadata.json,2,2,8TZF
data/Ankyrin_repeat_protein/pdb_files/4JIF.pdb,data/Ankyrin_repeat_protein/metadata_files/4JIF_metadata.json,2,2,4JIF
data/Ankyrin_repeat_protein/pdb_files/4HDQ.pdb,data/Ankyrin_repeat_protein/metadata_files/4HDQ_metadata.json,3,3,4HDQ
data/Ankyrin_repeat_protein/pdb_files/3SWC.pdb,data/Ankyrin_repeat_protein/metadata_files/3SWC_metadata.json,4,2,3SWC
data/Ankyrin_repeat_protein/pdb_files/3SW9.pdb,data/Ankyrin_repeat_protein/metadata_files/3SW9_metadata.json,4,2,3SW9
data/Ankyrin_repeat_protein/pdb_files/8TKN.pdb,data/Ankyrin_repeat_protein/metadata_files/8TKN_metadata.json,6,3,8TKN
data/Ankyrin_repeat_protein/pdb_files/1OOA.pdb,data/Ankyrin_repeat_protein/metadata_files/1OOA_metadata.json,4,2,1OOA
data/Ankyrin_repeat_protein/pdb_files/8TKL.pdb,data/Ankyrin_repeat_protein/metadata_files/8TKL_metadata.json,4,3,8TKL
data/Ankyrin_repeat_protein/pdb_files/8TKM.pdb,data/Ankyrin_repeat_protein/metadata_files/8TKM_metadata.json,4,3,8TKM
data/Ankyrin_repeat_protein/pdb_files/7TXD.pdb,data/Ankyrin_repeat_protein/metadata_files/7TXD_metadata.json,12,4,7TXD
data/Ankyrin_repeat_protein/pdb_files/4F0Z.pdb,data/Ankyrin_repeat_protein/metadata_files/4F0Z_metadata.json,3,3,4F0Z
data/Ankyrin_repeat_protein/pdb_files/3L6X.pdb,data/Ankyrin_repeat_protein/metadata_files/3L6X_metadata.json,2,2,3L6X
data/Ankyrin_repeat_protein/pdb_files/6D67.pdb,data/Ankyrin_repeat_protein/metadata_files/6D67_metadata.json,2,2,6D67
data/Ankyrin_repeat_protein/pdb_files/8U1B.pdb,data/Ankyrin_repeat_protein/metadata_files/8U1B_metadata.json,2,2,8U1B
data/Ankyrin_repeat_protein/pdb_files/4Q58.pdb,data/Ankyrin_repeat_protein/metadata_files/4Q58_metadata.json,4,2,4Q58
data/Ankyrin_repeat_protein/pdb_files/3BIM.pdb,data/Ankyrin_repeat_protein/metadata_files/3BIM_metadata.json,16,2,3BIM
data/Ankyrin_repeat_protein/pdb_files/4DX8.pdb,data/Ankyrin_repeat_protein/metadata_files/4DX8_metadata.json,8,2,4DX8
data/Ankyrin_repeat_protein/pdb_files/2OMU.pdb,data/Ankyrin_repeat_protein/metadata_files/2OMU_metadata.json,2,2,2OMU
data/Ankyrin_repeat_protein/pdb_files/3NBN.pdb,data/Ankyrin_repeat_protein/metadata_files/3NBN_metadata.json,8,5,3NBN
data/Ankyrin_repeat_protein/pdb_files/6D66.pdb,data/Ankyrin_repeat_protein/metadata_files/6D66_metadata.json,2,2,6D66
data/Ankyrin_repeat_protein/pdb_files/2X0G.pdb,data/Ankyrin_repeat_protein/metadata_files/2X0G_metadata.json,2,2,2X0G
data/Ankyrin_repeat_protein/pdb_files/3JV4.pdb,data/Ankyrin_repeat_protein/metadata_files/3JV4_metadata.json,6,2,3JV4
data/Ankyrin_repeat_protein/pdb_files/3F7P.pdb,data/Ankyrin_repeat_protein/metadata_files/3F7P_metadata.json,5,2,3F7P
data/Ankyrin_repeat_protein/pdb_files/9R8C.pdb,data/Ankyrin_repeat_protein/metadata_files/9R8C_metadata.json,4,2,9R8C
data/Ankyrin_repeat_protein/pdb_files/1YR5.pdb,data/Ankyrin_repeat_protein/metadata_files/1YR5_metadata.json,2,2,1YR5
data/Ankyrin_repeat_protein/pdb_files/2Y4V.pdb,data/Ankyrin_repeat_protein/metadata_files/2Y4V_metadata.json,2,2,2Y4V
data/Ankyrin_repeat_protein/pdb_files/6R2L.pdb,data/Ankyrin_repeat_protein/metadata_files/6R2L_metadata.json,5,5,6R2L
data/Ankyrin_repeat_protein/pdb_files/7LF4.pdb,data/Ankyrin_repeat_protein/metadata_files/7LF4_metadata.json,6,3,7LF4
data/Ankyrin_repeat_protein/pdb_files/1MDI.pdb,data/Ankyrin_repeat_protein/metadata_files/1MDI_metadata.json,2,2,1MDI
data/Ankyrin_repeat_protein/pdb_files/1MDJ.pdb,data/Ankyrin_repeat_protein/metadata_files/1MDJ_metadata.json,2,2,1MDJ
data/Ankyrin_repeat_protein/pdb_files/1MDK.pdb,data/Ankyrin_repeat_protein/metadata_files/1MDK_metadata.json,2,2,1MDK
data/Ankyrin_repeat_protein/pdb_files/2V2T.pdb,data/Ankyrin_repeat_protein/metadata_files/2V2T_metadata.json,4,3,2V2T
data/Ankyrin_repeat_protein/pdb_files/7LET.pdb,data/Ankyrin_repeat_protein/metadata_files/7LET_metadata.json,3,3,7LET
data/Ankyrin_repeat_protein/pdb_files/9J64.pdb,data/Ankyrin_repeat_protein/metadata_files/9J64_metadata.json,8,6,9J64
data/Ankyrin_repeat_protein/pdb_files/8WQA.pdb,data/Ankyrin_repeat_protein/metadata_files/8WQA_metadata.json,12,6,8WQA
data/Ankyrin_repeat_protein/pdb_files/8WQB.pdb,data/Ankyrin_repeat_protein/metadata_files/8WQB_metadata.json,11,6,8WQB
data/Ankyrin_repeat_protein/pdb_files/8WQH.pdb,data/Ankyrin_repeat_protein/metadata_files/8WQH_metadata.json,12,6,8WQH
data/Ankyrin_repeat_protein/pdb_files/8WQE.pdb,data/Ankyrin_repeat_protein/metadata_files/8WQE_metadata.json,12,6,8WQE
data/Ankyrin_repeat_protein/pdb_files/9J78.pdb,data/Ankyrin_repeat_protein/metadata_files/9J78_metadata.json,12,7,9J78
data/Ankyrin_repeat_protein/pdb_files/8IJ1.pdb,data/Ankyrin_repeat_protein/metadata_files/8IJ1_metadata.json,9,5,8IJ1
data/Ankyrin_repeat_protein/pdb_files/9J77.pdb,data/Ankyrin_repeat_protein/metadata_files/9J77_metadata.json,12,6,9J77
data/Ankyrin_repeat_protein/pdb_files/8JE1.pdb,data/Ankyrin_repeat_protein/metadata_files/8JE1_metadata.json,9,5,8JE1
data/Ankyrin_repeat_protein/pdb_files/8AS9.pdb,data/Ankyrin_repeat_protein/metadata_files/8AS9_metadata.json,4,3,8AS9
data/Ankyrin_repeat_protein/pdb_files/6TTU.pdb,data/Ankyrin_repeat_protein/metadata_files/6TTU_metadata.json,8,8,6TTU
data/Ankyrin_repeat_protein/pdb_files/9F7Z.pdb,data/Ankyrin_repeat_protein/metadata_files/9F7Z_metadata.json,16,2,9F7Z
data/Ankyrin_repeat_protein/pdb_files/7XN4.pdb,data/Ankyrin_repeat_protein/metadata_files/7XN4_metadata.json,4,3,7XN4
data/Ankyrin_repeat_protein/pdb_files/7XN5.pdb,data/Ankyrin_repeat_protein/metadata_files/7XN5_metadata.json,4,3,7XN5
data/Ankyrin_repeat_protein/pdb_files/6F5E.pdb,data/Ankyrin_repeat_protein/metadata_files/6F5E_metadata.json,3,3,6F5E
data/Ankyrin_repeat_protein/pdb_files/8WQG.pdb,data/Ankyrin_repeat_protein/metadata_files/8WQG_metadata.json,12,6,8WQG
data/Ankyrin_repeat_protein/pdb_files/8WQC.pdb,data/Ankyrin_repeat_protein/metadata_files/8WQC_metadata.json,12,6,8WQC
data/Ankyrin_repeat_protein/pdb_files/9LKY.pdb,data/Ankyrin_repeat_protein/metadata_files/9LKY_metadata.json,11,6,9LKY
data/Ankyrin_repeat_protein/pdb_files/6VP8.pdb,data/Ankyrin_repeat_protein/metadata_files/6VP8_metadata.json,3,3,6VP8
data/Ankyrin_repeat_protein/pdb_files/1LEI.pdb,data/Ankyrin_repeat_protein/metadata_files/1LEI_metadata.json,4,4,1LEI
data/Ankyrin_repeat_protein/pdb_files/3P3N.pdb,data/Ankyrin_repeat_protein/metadata_files/3P3N_metadata.json,2,2,3P3N
data/Ankyrin_repeat_protein/pdb_files/3P3P.pdb,data/Ankyrin_repeat_protein/metadata_files/3P3P_metadata.json,2,2,3P3P
data/Ankyrin_repeat_protein/pdb_files/8Q7R.pdb,data/Ankyrin_repeat_protein/metadata_files/8Q7R_metadata.json,8,8,8Q7R
data/Ankyrin_repeat_protein/pdb_files/9J79.pdb,data/Ankyrin_repeat_protein/metadata_files/9J79_metadata.json,19,8,9J79
data/Ankyrin_repeat_protein/pdb_files/8TZC.pdb,data/Ankyrin_repeat_protein/metadata_files/8TZC_metadata.json,2,2,8TZC
data/Ankyrin_repeat_protein/pdb_files/2F8X.pdb,data/Ankyrin_repeat_protein/metadata_files/2F8X_metadata.json,5,5,2F8X
data/Ankyrin_repeat_protein/pdb_files/1VKX.pdb,data/Ankyrin_repeat_protein/metadata_files/1VKX_metadata.json,4,4,1VKX
data/Ankyrin_repeat_protein/pdb_files/1LE5.pdb,data/Ankyrin_repeat_protein/metadata_files/1LE5_metadata.json,8,4,1LE5
data/Ankyrin_repeat_protein/pdb_files/2I9T.pdb,data/Ankyrin_repeat_protein/metadata_files/2I9T_metadata.json,4,4,2I9T
data/Ankyrin_repeat_protein/pdb_files/1LE9.pdb,data/Ankyrin_repeat_protein/metadata_files/1LE9_metadata.json,8,4,1LE9
data/Ankyrin_repeat_protein/pdb_files/8IAH.pdb,data/Ankyrin_repeat_protein/metadata_files/8IAH_metadata.json,36,10,8IAH
data/Ankyrin_repeat_protein/pdb_files/8TZH.pdb,data/Ankyrin_repeat_protein/metadata_files/8TZH_metadata.json,2,2,8TZH
data/Ankyrin_repeat_protein/pdb_files/5MIO.pdb,data/Ankyrin_repeat_protein/metadata_files/5MIO_metadata.json,3,3,5MIO
data/Ankyrin_repeat_protein/pdb_files/8PQL.pdb,data/Ankyrin_repeat_protein/metadata_files/8PQL_metadata.json,8,8,8PQL
data/Ankyrin_repeat_protein/pdb_files/6RZ3.pdb,data/Ankyrin_repeat_protein/metadata_files/6RZ3_metadata.json,2,2,6RZ3
data/Ankyrin_repeat_protein/pdb_files/9P99.pdb,data/Ankyrin_repeat_protein/metadata_files/9P99_metadata.json,3,3,9P99
data/Ankyrin_repeat_protein/pdb_files/3GUT.pdb,data/Ankyrin_repeat_protein/metadata_files/3GUT_metadata.json,12,4,3GUT
data/Ankyrin_repeat_protein/pdb_files/8VH4.pdb,data/Ankyrin_repeat_protein/metadata_files/8VH4_metadata.json,2,2,8VH4
data/Ankyrin_repeat_protein/pdb_files/8VH5.pdb,data/Ankyrin_repeat_protein/metadata_files/8VH5_metadata.json,4,2,8VH5
data/Ankyrin_repeat_protein/pdb_files/8FO2.pdb,data/Ankyrin_repeat_protein/metadata_files/8FO2_metadata.json,2,2,8FO2
data/Ankyrin_repeat_protein/pdb_files/8FO8.pdb,data/Ankyrin_repeat_protein/metadata_files/8FO8_metadata.json,4,2,8FO8
data/Ankyrin_repeat_protein/pdb_files/8FO9.pdb,data/Ankyrin_repeat_protein/metadata_files/8FO9_metadata.json,6,2,8FO9
data/Ankyrin_repeat_protein/pdb_files/3UZD.pdb,data/Ankyrin_repeat_protein/metadata_files/3UZD_metadata.json,2,2,3UZD
data/Ankyrin_repeat_protein/pdb_files/5MY9.pdb,data/Ankyrin_repeat_protein/metadata_files/5MY9_metadata.json,2,2,5MY9
data/Ankyrin_repeat_protein/pdb_files/5MYC.pdb,data/Ankyrin_repeat_protein/metadata_files/5MYC_metadata.json,2,2,5MYC
data/Ankyrin_repeat_protein/pdb_files/1JM7.pdb,data/Ankyrin_repeat_protein/metadata_files/1JM7_metadata.json,2,2,1JM7
data/Ankyrin_repeat_protein/pdb_files/9CK0.pdb,data/Ankyrin_repeat_protein/metadata_files/9CK0_metadata.json,2,2,9CK0
data/Ankyrin_repeat_protein/pdb_files/6WQU.pdb,data/Ankyrin_repeat_protein/metadata_files/6WQU_metadata.json,4,4,6WQU
data/Ankyrin_repeat_protein/pdb_files/7LEU.pdb,data/Ankyrin_repeat_protein/metadata_files/7LEU_metadata.json,3,2,7LEU
data/Ankyrin_repeat_protein/pdb_files/9CI3.pdb,data/Ankyrin_repeat_protein/metadata_files/9CI3_metadata.json,3,2,9CI3
data/Ankyrin_repeat_protein/pdb_files/4C4K.pdb,data/Ankyrin_repeat_protein/metadata_files/4C4K_metadata.json,2,2,4C4K
data/Ankyrin_repeat_protein/pdb_files/4Q57.pdb,data/Ankyrin_repeat_protein/metadata_files/4Q57_metadata.json,2,2,4Q57
data/Ankyrin_repeat_protein/pdb_files/3V79.pdb,data/Ankyrin_repeat_protein/metadata_files/3V79_metadata.json,6,6,3V79
data/Ankyrin_repeat_protein/pdb_files/2JMF.pdb,data/Ankyrin_repeat_protein/metadata_files/2JMF_metadata.json,2,2,2JMF
data/Ankyrin_repeat_protein/pdb_files/3L95.pdb,data/Ankyrin_repeat_protein/metadata_files/3L95_metadata.json,6,3,3L95
data/Ankyrin_repeat_protein/pdb_files/3I08.pdb,data/Ankyrin_repeat_protein/metadata_files/3I08_metadata.json,4,2,3I08
data/Ankyrin_repeat_protein/pdb_files/4KV4.pdb,data/Ankyrin_repeat_protein/metadata_files/4KV4_metadata.json,2,2,4KV4
data/Ankyrin_repeat_protein/pdb_files/2LSP.pdb,data/Ankyrin_repeat_protein/metadata_files/2LSP_metadata.json,2,2,2LSP
data/Ankyrin_repeat_protein/pdb_files/4KV1.pdb,data/Ankyrin_repeat_protein/metadata_files/4KV1_metadata.json,4,2,4KV1
data/Ankyrin_repeat_protein/pdb_files/2O61.pdb,data/Ankyrin_repeat_protein/metadata_files/2O61_metadata.json,4,4,2O61
data/Ankyrin_repeat_protein/pdb_files/6TCZ.pdb,data/Ankyrin_repeat_protein/metadata_files/6TCZ_metadata.json,28,14,6TCZ
data/Ankyrin_repeat_protein/pdb_files/6TD5.pdb,data/Ankyrin_repeat_protein/metadata_files/6TD5_metadata.json,28,14,6TD5
data/Ankyrin_repeat_protein/pdb_files/4UOW.pdb,data/Ankyrin_repeat_protein/metadata_files/4UOW_metadata.json,36,2,4UOW
data/Ankyrin_repeat_protein/pdb_files/8IAI.pdb,data/Ankyrin_repeat_protein/metadata_files/8IAI_metadata.json,31,9,8IAI
data/Ankyrin_repeat_protein/pdb_files/7LYB.pdb,data/Ankyrin_repeat_protein/metadata_files/7LYB_metadata.json,13,9,7LYB
data/Ankyrin_repeat_protein/pdb_files/8GRQ.pdb,data/Ankyrin_repeat_protein/metadata_files/8GRQ_metadata.json,13,9,8GRQ
data/Ankyrin_repeat_protein/pdb_files/7JZV.pdb,data/Ankyrin_repeat_protein/metadata_files/7JZV_metadata.json,12,8,7JZV
data/Ankyrin_repeat_protein/pdb_files/8ODZ.pdb,data/Ankyrin_repeat_protein/metadata_files/8ODZ_metadata.json,4,4,8ODZ
data/Ankyrin_repeat_protein/pdb_files/8OE0.pdb,data/Ankyrin_repeat_protein/metadata_files/8OE0_metadata.json,4,4,8OE0
data/Ankyrin_repeat_protein/pdb_files/8PB1.pdb,data/Ankyrin_repeat_protein/metadata_files/8PB1_metadata.json,4,4,8PB1
data/Ankyrin_repeat_protein/pdb_files/1RAM.pdb,data/Ankyrin_repeat_protein/metadata_files/1RAM_metadata.json,4,2,1RAM
data/Ankyrin_repeat_protein/pdb_files/6GGR.pdb,data/Ankyrin_repeat_protein/metadata_files/6GGR_metadata.json,2,2,6GGR
data/Ankyrin_repeat_protein/pdb_files/2RAM.pdb,data/Ankyrin_repeat_protein/metadata_files/2RAM_metadata.json,4,2,2RAM
data/Ankyrin_repeat_protein/pdb_files/8U9L.pdb,data/Ankyrin_repeat_protein/metadata_files/8U9L_metadata.json,16,3,8U9L
data/Ankyrin_repeat_protein/pdb_files/9BDU.pdb,data/Ankyrin_repeat_protein/metadata_files/9BDU_metadata.json,4,3,9BDU
data/Ankyrin_repeat_protein/pdb_files/9BDV.pdb,data/Ankyrin_repeat_protein/metadata_files/9BDV_metadata.json,4,3,9BDV
data/Ankyrin_repeat_protein/pdb_files/9BDW.pdb,data/Ankyrin_repeat_protein/metadata_files/9BDW_metadata.json,4,3,9BDW
data/Ankyrin_repeat_protein/pdb_files/9BDX.pdb,data/Ankyrin_repeat_protein/metadata_files/9BDX_metadata.json,4,3,9BDX
data/Ankyrin_repeat_protein/pdb_files/9E6W.pdb,data/Ankyrin_repeat_protein/metadata_files/9E6W_metadata.json,4,3,9E6W
data/Ankyrin_repeat_protein/pdb_files/5U01.pdb,data/Ankyrin_repeat_protein/metadata_files/5U01_metadata.json,6,2,5U01
data/Ankyrin_repeat_protein/pdb_files/9GTK.pdb,data/Ankyrin_repeat_protein/metadata_files/9GTK_metadata.json,6,2,9GTK
data/Ankyrin_repeat_protein/pdb_files/5L0R.pdb,data/Ankyrin_repeat_protein/metadata_files/5L0R_metadata.json,2,2,5L0R
data/Ankyrin_repeat_protein/pdb_files/5UB5.pdb,data/Ankyrin_repeat_protein/metadata_files/5UB5_metadata.json,2,2,5UB5
data/Ankyrin_repeat_protein/pdb_files/6QHL.pdb,data/Ankyrin_repeat_protein/metadata_files/6QHL_metadata.json,2,2,6QHL
data/Ankyrin_repeat_protein/pdb_files/6YOW.pdb,data/Ankyrin_repeat_protein/metadata_files/6YOW_metadata.json,2,2,6YOW
data/Ankyrin_repeat_protein/pdb_files/6YOX.pdb,data/Ankyrin_repeat_protein/metadata_files/6YOX_metadata.json,2,2,6YOX
data/Ankyrin_repeat_protein/pdb_files/6YOY.pdb,data/Ankyrin_repeat_protein/metadata_files/6YOY_metadata.json,2,2,6YOY
data/Ankyrin_repeat_protein/pdb_files/6YP2.pdb,data/Ankyrin_repeat_protein/metadata_files/6YP2_metadata.json,2,2,6YP2
data/Ankyrin_repeat_protein/pdb_files/6YP3.pdb,data/Ankyrin_repeat_protein/metadata_files/6YP3_metadata.json,2,2,6YP3
data/Ankyrin_repeat_protein/pdb_files/6YP8.pdb,data/Ankyrin_repeat_protein/metadata_files/6YP8_metadata.json,2,2,6YP8
data/Ankyrin_repeat_protein/pdb_files/6YPL.pdb,data/Ankyrin_repeat_protein/metadata_files/6YPL_metadata.json,2,2,6YPL
data/Ankyrin_repeat_protein/pdb_files/6YPY.pdb,data/Ankyrin_repeat_protein/metadata_files/6YPY_metadata.json,2,2,6YPY
data/Ankyrin_repeat_protein/pdb_files/6YQ2.pdb,data/Ankyrin_repeat_protein/metadata_files/6YQ2_metadata.json,2,2,6YQ2
data/Ankyrin_repeat_protein/pdb_files/7NSV.pdb,data/Ankyrin_repeat_protein/metadata_files/7NSV_metadata.json,2,2,7NSV
data/Ankyrin_repeat_protein/pdb_files/7BI3.pdb,data/Ankyrin_repeat_protein/metadata_files/7BI3_metadata.json,2,2,7BI3
data/Ankyrin_repeat_protein/pdb_files/7BIQ.pdb,data/Ankyrin_repeat_protein/metadata_files/7BIQ_metadata.json,2,2,7BIQ
data/Ankyrin_repeat_protein/pdb_files/7BJB.pdb,data/Ankyrin_repeat_protein/metadata_files/7BJB_metadata.json,2,2,7BJB
data/Ankyrin_repeat_protein/pdb_files/7NJB.pdb,data/Ankyrin_repeat_protein/metadata_files/7NJB_metadata.json,2,2,7NJB
data/Ankyrin_repeat_protein/pdb_files/7NK3.pdb,data/Ankyrin_repeat_protein/metadata_files/7NK3_metadata.json,2,2,7NK3
data/Ankyrin_repeat_protein/pdb_files/7NK5.pdb,data/Ankyrin_repeat_protein/metadata_files/7NK5_metadata.json,2,2,7NK5
data/Ankyrin_repeat_protein/pdb_files/7NLE.pdb,data/Ankyrin_repeat_protein/metadata_files/7NLE_metadata.json,2,2,7NLE
data/Ankyrin_repeat_protein/pdb_files/7NM3.pdb,data/Ankyrin_repeat_protein/metadata_files/7NM3_metadata.json,2,2,7NM3
data/Ankyrin_repeat_protein/pdb_files/7NMH.pdb,data/Ankyrin_repeat_protein/metadata_files/7NMH_metadata.json,2,2,7NMH
data/Ankyrin_repeat_protein/pdb_files/7NQP.pdb,data/Ankyrin_repeat_protein/metadata_files/7NQP_metadata.json,2,2,7NQP
data/Ankyrin_repeat_protein/pdb_files/7NR7.pdb,data/Ankyrin_repeat_protein/metadata_files/7NR7_metadata.json,2,2,7NR7
data/Ankyrin_repeat_protein/pdb_files/7NYE.pdb,data/Ankyrin_repeat_protein/metadata_files/7NYE_metadata.json,2,2,7NYE
data/Ankyrin_repeat_protein/pdb_files/7NYG.pdb,data/Ankyrin_repeat_protein/metadata_files/7NYG_metadata.json,2,2,7NYG
data/Ankyrin_repeat_protein/pdb_files/7NZ6.pdb,data/Ankyrin_repeat_protein/metadata_files/7NZ6_metadata.json,2,2,7NZ6
data/Ankyrin_repeat_protein/pdb_files/7O3A.pdb,data/Ankyrin_repeat_protein/metadata_files/7O3A_metadata.json,2,2,7O3A
data/Ankyrin_repeat_protein/pdb_files/7O3F.pdb,data/Ankyrin_repeat_protein/metadata_files/7O3F_metadata.json,2,2,7O3F
data/Ankyrin_repeat_protein/pdb_files/7O3P.pdb,data/Ankyrin_repeat_protein/metadata_files/7O3P_metadata.json,2,2,7O3P
data/Ankyrin_repeat_protein/pdb_files/7O3R.pdb,data/Ankyrin_repeat_protein/metadata_files/7O3R_metadata.json,2,2,7O3R
data/Ankyrin_repeat_protein/pdb_files/7O5C.pdb,data/Ankyrin_repeat_protein/metadata_files/7O5C_metadata.json,2,2,7O5C
data/Ankyrin_repeat_protein/pdb_files/7O5D.pdb,data/Ankyrin_repeat_protein/metadata_files/7O5D_metadata.json,2,2,7O5D
data/Ankyrin_repeat_protein/pdb_files/7O5O.pdb,data/Ankyrin_repeat_protein/metadata_files/7O5O_metadata.json,2,2,7O5O
data/Ankyrin_repeat_protein/pdb_files/7O5S.pdb,data/Ankyrin_repeat_protein/metadata_files/7O5S_metadata.json,2,2,7O5S
data/Ankyrin_repeat_protein/pdb_files/7O6F.pdb,data/Ankyrin_repeat_protein/metadata_files/7O6F_metadata.json,2,2,7O6F
data/Ankyrin_repeat_protein/pdb_files/7O6G.pdb,data/Ankyrin_repeat_protein/metadata_files/7O6G_metadata.json,2,2,7O6G
data/Ankyrin_repeat_protein/pdb_files/7O6K.pdb,data/Ankyrin_repeat_protein/metadata_files/7O6K_metadata.json,2,2,7O6K
data/Ankyrin_repeat_protein/pdb_files/6NV2.pdb,data/Ankyrin_repeat_protein/metadata_files/6NV2_metadata.json,2,2,6NV2
data/Ankyrin_repeat_protein/pdb_files/6QHM.pdb,data/Ankyrin_repeat_protein/metadata_files/6QHM_metadata.json,2,2,6QHM
data/Ankyrin_repeat_protein/pdb_files/7BIW.pdb,data/Ankyrin_repeat_protein/metadata_files/7BIW_metadata.json,2,2,7BIW
data/Ankyrin_repeat_protein/pdb_files/7BIY.pdb,data/Ankyrin_repeat_protein/metadata_files/7BIY_metadata.json,2,2,7BIY
data/Ankyrin_repeat_protein/pdb_files/7BJF.pdb,data/Ankyrin_repeat_protein/metadata_files/7BJF_metadata.json,2,2,7BJF
data/Ankyrin_repeat_protein/pdb_files/7BJL.pdb,data/Ankyrin_repeat_protein/metadata_files/7BJL_metadata.json,2,2,7BJL
data/Ankyrin_repeat_protein/pdb_files/7BJW.pdb,data/Ankyrin_repeat_protein/metadata_files/7BJW_metadata.json,2,2,7BJW
data/Ankyrin_repeat_protein/pdb_files/7BKH.pdb,data/Ankyrin_repeat_protein/metadata_files/7BKH_metadata.json,2,2,7BKH
data/Ankyrin_repeat_protein/pdb_files/7NJ9.pdb,data/Ankyrin_repeat_protein/metadata_files/7NJ9_metadata.json,2,2,7NJ9
data/Ankyrin_repeat_protein/pdb_files/7NLA.pdb,data/Ankyrin_repeat_protein/metadata_files/7NLA_metadata.json,2,2,7NLA
data/Ankyrin_repeat_protein/pdb_files/7NM1.pdb,data/Ankyrin_repeat_protein/metadata_files/7NM1_metadata.json,2,2,7NM1
data/Ankyrin_repeat_protein/pdb_files/7NM9.pdb,data/Ankyrin_repeat_protein/metadata_files/7NM9_metadata.json,2,2,7NM9
data/Ankyrin_repeat_protein/pdb_files/7NV4.pdb,data/Ankyrin_repeat_protein/metadata_files/7NV4_metadata.json,2,2,7NV4
data/Ankyrin_repeat_protein/pdb_files/7NVI.pdb,data/Ankyrin_repeat_protein/metadata_files/7NVI_metadata.json,2,2,7NVI
data/Ankyrin_repeat_protein/pdb_files/7NWS.pdb,data/Ankyrin_repeat_protein/metadata_files/7NWS_metadata.json,2,2,7NWS
data/Ankyrin_repeat_protein/pdb_files/7NXS.pdb,data/Ankyrin_repeat_protein/metadata_files/7NXS_metadata.json,2,2,7NXS
data/Ankyrin_repeat_protein/pdb_files/7NXT.pdb,data/Ankyrin_repeat_protein/metadata_files/7NXT_metadata.json,2,2,7NXT
data/Ankyrin_repeat_protein/pdb_files/7NXW.pdb,data/Ankyrin_repeat_protein/metadata_files/7NXW_metadata.json,2,2,7NXW
data/Ankyrin_repeat_protein/pdb_files/7NXY.pdb,data/Ankyrin_repeat_protein/metadata_files/7NXY_metadata.json,2,2,7NXY
data/Ankyrin_repeat_protein/pdb_files/7NY4.pdb,data/Ankyrin_repeat_protein/metadata_files/7NY4_metadata.json,2,2,7NY4
data/Ankyrin_repeat_protein/pdb_files/7NYF.pdb,data/Ankyrin_repeat_protein/metadata_files/7NYF_metadata.json,2,2,7NYF
data/Ankyrin_repeat_protein/pdb_files/7NZG.pdb,data/Ankyrin_repeat_protein/metadata_files/7NZG_metadata.json,2,2,7NZG
data/Ankyrin_repeat_protein/pdb_files/7NZK.pdb,data/Ankyrin_repeat_protein/metadata_files/7NZK_metadata.json,2,2,7NZK
data/Ankyrin_repeat_protein/pdb_files/7NZV.pdb,data/Ankyrin_repeat_protein/metadata_files/7NZV_metadata.json,2,2,7NZV
data/Ankyrin_repeat_protein/pdb_files/7O34.pdb,data/Ankyrin_repeat_protein/metadata_files/7O34_metadata.json,2,2,7O34
data/Ankyrin_repeat_protein/pdb_files/7O3Q.pdb,data/Ankyrin_repeat_protein/metadata_files/7O3Q_metadata.json,2,2,7O3Q
data/Ankyrin_repeat_protein/pdb_files/7O3S.pdb,data/Ankyrin_repeat_protein/metadata_files/7O3S_metadata.json,2,2,7O3S
data/Ankyrin_repeat_protein/pdb_files/7O57.pdb,data/Ankyrin_repeat_protein/metadata_files/7O57_metadata.json,2,2,7O57
data/Ankyrin_repeat_protein/pdb_files/7O59.pdb,data/Ankyrin_repeat_protein/metadata_files/7O59_metadata.json,2,2,7O59
data/Ankyrin_repeat_protein/pdb_files/7O5A.pdb,data/Ankyrin_repeat_protein/metadata_files/7O5A_metadata.json,2,2,7O5A
data/Ankyrin_repeat_protein/pdb_files/7O5F.pdb,data/Ankyrin_repeat_protein/metadata_files/7O5F_metadata.json,2,2,7O5F
data/Ankyrin_repeat_protein/pdb_files/7O5G.pdb,data/Ankyrin_repeat_protein/metadata_files/7O5G_metadata.json,2,2,7O5G
data/Ankyrin_repeat_protein/pdb_files/7O5P.pdb,data/Ankyrin_repeat_protein/metadata_files/7O5P_metadata.json,2,2,7O5P
data/Ankyrin_repeat_protein/pdb_files/7O5U.pdb,data/Ankyrin_repeat_protein/metadata_files/7O5U_metadata.json,2,2,7O5U
data/Ankyrin_repeat_protein/pdb_files/7O5X.pdb,data/Ankyrin_repeat_protein/metadata_files/7O5X_metadata.json,2,2,7O5X
data/Ankyrin_repeat_protein/pdb_files/7O6I.pdb,data/Ankyrin_repeat_protein/metadata_files/7O6I_metadata.json,2,2,7O6I
data/Ankyrin_repeat_protein/pdb_files/7O6J.pdb,data/Ankyrin_repeat_protein/metadata_files/7O6J_metadata.json,2,2,7O6J
data/Ankyrin_repeat_protein/pdb_files/7O6M.pdb,data/Ankyrin_repeat_protein/metadata_files/7O6M_metadata.json,2,2,7O6M
data/Ankyrin_repeat_protein/pdb_files/7O6O.pdb,data/Ankyrin_repeat_protein/metadata_files/7O6O_metadata.json,2,2,7O6O
data/Ankyrin_repeat_protein/pdb_files/5KY8.pdb,data/Ankyrin_repeat_protein/metadata_files/5KY8_metadata.json,2,2,5KY8
data/Ankyrin_repeat_protein/pdb_files/5KY0.pdb,data/Ankyrin_repeat_protein/metadata_files/5KY0_metadata.json,2,2,5KY0
data/Ankyrin_repeat_protein/pdb_files/5KY4.pdb,data/Ankyrin_repeat_protein/metadata_files/5KY4_metadata.json,2,2,5KY4
data/Ankyrin_repeat_protein/pdb_files/5KY9.pdb,data/Ankyrin_repeat_protein/metadata_files/5KY9_metadata.json,2,2,5KY9
data/Ankyrin_repeat_protein/pdb_files/3QXY.pdb,data/Ankyrin_repeat_protein/metadata_files/3QXY_metadata.json,4,2,3QXY
data/Ankyrin_repeat_protein/pdb_files/3RC0.pdb,data/Ankyrin_repeat_protein/metadata_files/3RC0_metadata.json,4,2,3RC0
data/Ankyrin_repeat_protein/pdb_files/5URN.pdb,data/Ankyrin_repeat_protein/metadata_files/5URN_metadata.json,2,2,5URN
data/Ankyrin_repeat_protein/pdb_files/2LWW.pdb,data/Ankyrin_repeat_protein/metadata_files/2LWW_metadata.json,2,2,2LWW
data/Ankyrin_repeat_protein/pdb_files/5UK5.pdb,data/Ankyrin_repeat_protein/metadata_files/5UK5_metadata.json,2,2,5UK5
data/Ankyrin_repeat_protein/pdb_files/4XLW.pdb,data/Ankyrin_repeat_protein/metadata_files/4XLW_metadata.json,8,2,4XLW
data/Ankyrin_repeat_protein/pdb_files/4XL1.pdb,data/Ankyrin_repeat_protein/metadata_files/4XL1_metadata.json,4,2,4XL1
data/Ankyrin_repeat_protein/pdb_files/5U4K.pdb,data/Ankyrin_repeat_protein/metadata_files/5U4K_metadata.json,2,2,5U4K
data/Ankyrin_repeat_protein/pdb_files/5JWP.pdb,data/Ankyrin_repeat_protein/metadata_files/5JWP_metadata.json,2,2,5JWP
data/Ankyrin_repeat_protein/pdb_files/2ILM.pdb,data/Ankyrin_repeat_protein/metadata_files/2ILM_metadata.json,2,2,2ILM
data/Ankyrin_repeat_protein/pdb_files/1H2K.pdb,data/Ankyrin_repeat_protein/metadata_files/1H2K_metadata.json,2,2,1H2K
data/Ankyrin_repeat_protein/pdb_files/1H2L.pdb,data/Ankyrin_repeat_protein/metadata_files/1H2L_metadata.json,2,2,1H2L
data/Ankyrin_repeat_protein/pdb_files/1H2M.pdb,data/Ankyrin_repeat_protein/metadata_files/1H2M_metadata.json,2,2,1H2M
data/Ankyrin_repeat_protein/pdb_files/8OE4.pdb,data/Ankyrin_repeat_protein/metadata_files/8OE4_metadata.json,4,4,8OE4
data/Ankyrin_repeat_protein/pdb_files/6IDF.pdb,data/Ankyrin_repeat_protein/metadata_files/6IDF_metadata.json,5,5,6IDF
data/Ankyrin_repeat_protein/pdb_files/9FZB.pdb,data/Ankyrin_repeat_protein/metadata_files/9FZB_metadata.json,2,2,9FZB
data/Ankyrin_repeat_protein/pdb_files/8RCI.pdb,data/Ankyrin_repeat_protein/metadata_files/8RCI_metadata.json,2,2,8RCI
data/DARPin/pdb_files/9IRV.pdb,data/DARPin/metadata_files/9IRV_metadata.json,3,2,9IRV
data/DARPin/pdb_files/9F24.pdb,data/DARPin/metadata_files/9F24_metadata.json,2,2,9F24
data/DARPin/pdb_files/9F22.pdb,data/DARPin/metadata_files/9F22_metadata.json,2,2,9F22
data/DARPin/pdb_files/8V9O.pdb,data/DARPin/metadata_files/8V9O_metadata.json,6,2,8V9O
data/DARPin/pdb_files/9GAU.pdb,data/DARPin/metadata_files/9GAU_metadata.json,2,2,9GAU
data/DARPin/pdb_files/8IPP.pdb,data/DARPin/metadata_files/8IPP_metadata.json,2,2,8IPP
data/DARPin/pdb_files/6AR6.pdb,data/DARPin/metadata_files/6AR6_metadata.json,2,2,6AR6
data/DARPin/pdb_files/8G4E.pdb,data/DARPin/metadata_files/8G4E_metadata.json,2,2,8G4E
data/DARPin/pdb_files/8G3K.pdb,data/DARPin/metadata_files/8G3K_metadata.json,2,2,8G3K
data/DARPin/pdb_files/8AED.pdb,data/DARPin/metadata_files/8AED_metadata.json,4,2,8AED
data/DARPin/pdb_files/6C9I.pdb,data/DARPin/metadata_files/6C9I_metadata.json,24,2,6C9I
data/DARPin/pdb_files/9FE3.pdb,data/DARPin/metadata_files/9FE3_metadata.json,2,2,9FE3
data/DARPin/pdb_files/9FHJ.pdb,data/DARPin/metadata_files/9FHJ_metadata.json,2,2,9FHJ
data/DARPin/pdb_files/6NHT.pdb,data/DARPin/metadata_files/6NHT_metadata.json,24,2,6NHT
data/DARPin/pdb_files/9FE2.pdb,data/DARPin/metadata_files/9FE2_metadata.json,2,2,9FE2
data/DARPin/pdb_files/9FHC.pdb,data/DARPin/metadata_files/9FHC_metadata.json,2,2,9FHC
data/DARPin/pdb_files/9HCI.pdb,data/DARPin/metadata_files/9HCI_metadata.json,5,2,9HCI
data/DARPin/pdb_files/9FHG.pdb,data/DARPin/metadata_files/9FHG_metadata.json,5,2,9FHG
data/DARPin/pdb_files/9HAO.pdb,data/DARPin/metadata_files/9HAO_metadata.json,5,2,9HAO
data/DARPin/pdb_files/8VDZ.pdb,data/DARPin/metadata_files/8VDZ_metadata.json,24,2,8VDZ
data/DARPin/pdb_files/9FE1.pdb,data/DARPin/metadata_files/9FE1_metadata.json,4,4,9FE1
data/DARPin/pdb_files/9GNB.pdb,data/DARPin/metadata_files/9GNB_metadata.json,2,2,9GNB
data/DARPin/pdb_files/2ZVN.pdb,data/DARPin/metadata_files/2ZVN_metadata.json,8,2,2ZVN
data/DARPin/pdb_files/8G42.pdb,data/DARPin/metadata_files/8G42_metadata.json,2,2,8G42
data/DARPin/pdb_files/8G4F.pdb,data/DARPin/metadata_files/8G4F_metadata.json,2,2,8G4F
data/DARPin/pdb_files/8G4H.pdb,data/DARPin/metadata_files/8G4H_metadata.json,2,2,8G4H
data/DARPin/pdb_files/9YMG.pdb,data/DARPin/metadata_files/9YMG_metadata.json,6,3,9YMG
data/DARPin/pdb_files/8G47.pdb,data/DARPin/metadata_files/8G47_metadata.json,2,2,8G47
data/DARPin/pdb_files/2ZVO.pdb,data/DARPin/metadata_files/2ZVO_metadata.json,4,2,2ZVO
data/DARPin/pdb_files/8P9C.pdb,data/DARPin/metadata_files/8P9C_metadata.json,3,3,8P9C
data/DARPin/pdb_files/8P9D.pdb,data/DARPin/metadata_files/8P9D_metadata.json,6,3,8P9D
data/DARPin/pdb_files/8P9E.pdb,data/DARPin/metadata_files/8P9E_metadata.json,3,3,8P9E
data/DARPin/pdb_files/3JSV.pdb,data/DARPin/metadata_files/3JSV_metadata.json,4,3,3JSV
data/DARPin/pdb_files/4OWF.pdb,data/DARPin/metadata_files/4OWF_metadata.json,3,2,4OWF
